rainfall_mm,water_level_cm,temperature_c,humidity,risk_level
86.72717840234054,96.36075613346411,37.23703662063998,79.80297925235988,MEDIUM
80.41698767047674,101.44503642971232,34.78451484483979,85.22737859705347,MEDIUM
80.26598545396442,132.96097156794312,33.01212727059168,79.79786415824341,MEDIUM
83.76237873705601,1.4454121947519716,37.14726575652364,53.14898245835731,LOW
188.51531367630508,94.51492994632468,38.38556410643109,64.03668394123395,MEDIUM
149.09469517738256,134.6840301152349,22.02986161816787,83.72197357493323,HIGH
54.207095695369965,79.6251457111063,23.557935934336427,42.75028301073953,MEDIUM
45.84256741742125,90.14813582822343,20.818865527612903,78.66346661770362,LOW
31.731872262101078,48.60636324576127,24.676549705718408,91.15706629073665,LOW
81.50376353696704,36.27326466699719,24.287188819911627,81.95860884280447,LOW
106.26099204667494,47.33321722292857,29.35400011486914,54.94515435218659,MEDIUM
146.41981894589657,123.8531445424869,26.247126845877684,61.54433237785554,HIGH
144.56232788347495,8.067181092348358,29.3360276574274,77.42747627927976,MEDIUM
132.95720545283015,63.69020786370361,39.88836172063666,91.43284692230873,HIGH
115.76318059002342,87.8499905415617,26.62218985468113,77.30709169947043,MEDIUM
115.43367784029269,66.1594799654785,33.25901813589764,47.363008194869586,MEDIUM
8.003475343432465,7.607005293624414,34.709229924771705,89.76523685732047,LOW
153.35412447069214,106.95481491837981,28.97945134058041,42.922269777287866,HIGH
58.475651860119356,61.302396208979964,25.12468219111458,87.7169848869397,MEDIUM
154.7839134322845,121.6766018312062,30.06535470805783,48.90979832947846,HIGH
17.907208257185037,113.99749645034602,34.703647394356885,79.26257418921392,MEDIUM
18.67762276255167,61.560562474477976,24.7817057085104,83.90349164678678,LOW
9.1187159392212,88.8820564675367,36.56426046488447,68.97773987625936,LOW
67.3560073731914,141.06973084483002,25.233043167741414,79.15933109451773,MEDIUM
136.39990674996835,59.26371647501146,20.280364126634176,42.746184357239756,MEDIUM
139.60683228446499,42.07214956807036,28.52541889077154,53.37319851469415,MEDIUM
40.089546632108885,70.07608842556182,32.79676869952892,90.68033237100995,MEDIUM
195.42913292283285,97.91655920242874,26.12945827100163,60.92553183716706,MEDIUM
141.27687723370315,139.89609779323024,21.46219799223043,42.10092543990314,HIGH
127.7165890487825,40.532142707931236,21.220593626126774,61.98700189161582,MEDIUM
58.44723895225681,65.15354334080335,27.334434877380076,53.990916365412254,MEDIUM
71.72968130483142,87.45878678488192,37.070678215285184,98.49529871685215,MEDIUM
184.59828969270166,25.835927459794032,25.608617195314594,78.3528899366174,MEDIUM
65.98026415714749,143.9778767747025,31.337048170164877,65.23917002059694,MEDIUM
48.681909043455306,7.775894883735207,32.92902474019986,92.11346458494855,LOW
65.8089975152246,90.76011206087654,34.70493669731688,97.24237243195458,MEDIUM
99.92210952446302,100.40335521316206,26.74264902843975,80.51576222723347,MEDIUM
62.580340988091976,137.75259055154967,23.942034964352374,92.75319431308208,HIGH
83.08213926253396,53.91425589968393,25.14103862600418,89.8150136863429,LOW
92.05905250307163,73.036596390303,29.638799178672574,47.07260638899493,MEDIUM
141.6064370043038,19.36863617834131,32.987956810355286,72.0610601684399,MEDIUM
4.802331204156962,28.060015680827494,26.018797216094903,77.12711071329235,LOW
76.3937027191783,72.62666570725447,34.85039975771436,83.34206009991047,MEDIUM
155.4309810829985,8.276720372241952,27.880177174415646,80.17334690777028,MEDIUM
129.8454095468754,101.54557474333305,23.37591863524587,46.75980256753765,HIGH
2.4430280222626832,117.19147844690784,24.33736715409443,46.644896510200354,MEDIUM
102.57399294146427,5.269167196435676,32.83549247887137,84.96189671669666,MEDIUM
87.03808103323236,48.78111132216633,29.05012134470443,81.33194420512197,LOW
141.40876079116117,21.641056714380547,35.69916906860693,97.4757931330259,MEDIUM
186.9780585041242,38.094885004367434,27.914404822008148,64.41735831065226,MEDIUM
51.15727543008257,32.05350769887973,28.60623616705724,49.81709273833367,LOW
62.57719271742599,90.90830900087342,30.381414057779743,57.080801323835026,MEDIUM
50.748330402909644,96.88975164031264,35.85008809953368,47.627701854613065,MEDIUM
158.650623137621,52.547067466542806,26.526245007353005,90.3100623966852,MEDIUM
194.6189325222822,93.68133158102026,25.46120125030049,82.92227527257259,MEDIUM
161.9920016030652,97.39436522452407,35.78616892188343,68.08719010036715,MEDIUM
87.29272893348039,77.23549009132675,25.348934400226984,89.43214895069055,MEDIUM
191.42500449577867,104.85385453806455,30.240273263603434,81.2649240459177,HIGH
144.77911397184687,24.101715592722194,25.6758796569527,90.68752265898331,MEDIUM
194.09534993015083,45.2501007856546,25.847103318923672,53.65769654048606,MEDIUM
145.7739760099332,123.24437455709642,23.829728032737737,89.82534608600125,HIGH
138.85934036075324,140.1894951885548,25.154960251801935,54.34698594418264,HIGH
78.58654718439375,102.01727902394288,32.425553145145116,74.1160931092029,MEDIUM
167.34341661395013,114.55584518663456,31.564435665012862,44.78620423494615,HIGH
136.4877328182026,147.92481043987675,35.25405506167269,86.19742888605428,HIGH
39.7645076519171,62.08278751653532,37.31484490371,55.21341547002133,LOW
58.26481644008044,140.93304607847887,37.50525683362406,68.31608106565406,MEDIUM
143.9641770080532,148.79747171024962,23.470834443703232,92.7230025805156,HIGH
130.8068721922838,146.64821612110705,39.434356557703765,93.77192262634455,HIGH
164.48144295384367,18.92785453778789,29.486612945297264,44.009502645690844,MEDIUM
120.85216633914455,94.80525451303706,24.244679591206335,54.77856100730346,MEDIUM
108.23842291780726,119.40398412594526,25.165507594208712,56.2099380219248,HIGH
28.980681953877752,13.854132928132067,30.75175287625695,76.40183629926685,LOW
52.09109764446313,79.10773296253794,37.66585453511908,41.33465362529185,MEDIUM
178.72327620818223,140.92748902421488,37.518062429347225,77.00470866700492,HIGH
90.06906997526303,95.71756706683412,32.445984772158184,96.713904843564,MEDIUM
12.940618553296002,33.025395639369144,29.186079602981334,61.619648596785844,LOW
161.73155103564935,4.178973403985542,20.078780151835215,59.00660776771198,MEDIUM
86.12907088910242,112.76367969527566,27.318424450730994,60.33866066798365,MEDIUM
57.82556019346532,80.80508284734981,33.62552281711047,84.14205649801733,MEDIUM
37.42934139970566,40.159444546494434,20.213320167532952,85.81677555900598,LOW
73.3087482876863,139.56601912505036,26.75252449325538,89.29388600239957,MEDIUM
182.78767262191528,108.25611919119144,31.352139150933063,96.72858718624761,HIGH
86.27221233415396,3.2147911310875967,30.995922365371808,72.03011060580032,LOW
98.93705245514823,77.06070515654407,32.23360135836501,61.449040171948894,MEDIUM
13.179746739050312,96.92293381520555,31.5245193480602,59.014664520181434,LOW
46.07264255704997,16.679186476435632,34.06510917980421,66.53390153854183,LOW
56.2967475114567,108.7248335682895,36.1972386443141,67.3851477361588,MEDIUM
120.95760459235292,96.64974617929481,36.44197004076207,98.33955981605655,HIGH
11.622823567604868,49.117818450654546,29.27998695647398,86.87334386379948,LOW
89.24790042717031,45.36916486253342,26.172239241072525,40.036481995682635,LOW
153.05523449905388,123.4709238909937,29.927036832421148,66.61968437679724,HIGH
76.014186828156,130.35125670749437,28.05494270587215,40.67545687274119,MEDIUM
93.7369737434909,135.43720042674317,30.461202571603003,43.89362270329299,MEDIUM
148.66136957695858,94.84001265808283,37.399813068904365,85.87904369338955,MEDIUM
136.48323455340307,140.21752176027482,38.17877161040184,56.59509450367193,HIGH
139.49094091231467,136.0448012974135,32.782886808173856,82.85676930460082,HIGH
42.78352196372366,47.72052118022667,39.72869975073784,41.377454836846326,LOW
192.7097484610323,69.08994035662397,36.283544137524345,99.9224378624723,HIGH
62.26589273287946,38.54862202214988,20.88042191932252,66.77641003116328,LOW
179.6449731751845,7.457957133878179,24.059750179749436,67.21781900472197,MEDIUM
92.93472118862489,140.59364169217247,32.35191112897606,46.68107760419008,MEDIUM
80.6286321796723,86.0691066549518,23.105956382921246,49.01246617148681,MEDIUM
63.929457814182975,121.81348202325069,38.11372826317579,94.49532113888931,HIGH
45.12931707597409,24.93897499657448,35.7751426114423,52.15092253549017,LOW
32.89715144896124,103.67979424968439,20.126884993021793,95.37973211945024,MEDIUM
0.1893393246457098,126.1724609355767,39.17271801293921,64.03755799228614,MEDIUM
157.50126930012368,19.681232511424735,23.818156350251684,90.02257365232771,MEDIUM
98.22537710553047,32.951812375101916,27.689000978085975,70.84464293862274,LOW
128.90714758087842,35.340494012004825,29.191676290757144,97.35406884642117,MEDIUM
74.94005829109398,87.72160160546719,34.97926733051062,87.1351594555657,MEDIUM
94.62652010608123,13.74392845059506,33.558550347031456,75.99884992567075,LOW
126.86709684670046,112.30940051461133,24.5524910785666,94.46937100947818,HIGH
81.74053505390042,12.902671799673332,23.979341123079795,66.58603736231603,LOW
165.02668891978848,108.36236721967981,24.852419501613895,93.72717996029334,HIGH
70.88394074395117,28.97270946305241,23.3737495517724,85.84467234970657,LOW
67.73126655808326,93.71852298295431,37.190285531054386,69.90761205565036,MEDIUM
104.37911817552083,93.88655126781148,37.99315413852611,48.33303321185812,MEDIUM
26.07865087583219,136.34872959524446,22.060244991900074,44.8625630452259,MEDIUM
197.17573603372807,54.043559589404126,27.214461613029286,81.98195374895201,MEDIUM
47.55520611667761,146.75477974570236,36.98303072466193,50.78072156165552,MEDIUM
145.1603472973565,91.2111864433764,26.210810052036372,75.01027688311203,MEDIUM
69.3491955800387,15.566068695151408,28.751185067188043,87.96123842365239,LOW
156.48656446618986,148.27850301532158,23.28247975673992,46.56582663635588,HIGH
141.9960000853589,31.08865113083914,26.12911294758031,57.12417748706919,MEDIUM
6.942439609164142,130.2445626335418,30.20243723335649,65.78880734526038,MEDIUM
189.49921206835893,86.929978162795,26.870224713457063,50.052927472451316,MEDIUM
11.10469129740359,126.87224639237671,38.612242544681564,82.44587533540798,MEDIUM
157.5118288211454,67.20958454638394,28.366633334647343,99.03667564748575,HIGH
163.48679670949804,72.46907060709601,33.23103512768004,85.06357236139436,MEDIUM
137.42875303773266,116.94037296202612,26.615938006985584,65.0400669161125,HIGH
88.91238937484924,77.9927618362897,31.149007868577588,97.56386634786251,MEDIUM
33.869128552071736,33.188079978347275,23.8815378036047,67.30710705301827,LOW
79.15912643765725,43.850596049618495,31.569773649946125,43.20657587972126,LOW
159.04755897184828,104.80180965906298,20.252349136992606,90.97338698096885,HIGH
129.6440250870838,62.86810062108729,36.281139996157066,68.5523789457408,MEDIUM
56.666135673993764,55.26217098484597,37.478372014670455,42.175490130422695,LOW
73.52266082337012,60.54499122257346,39.56273490305961,88.5026013422581,MEDIUM
35.90039241115575,56.89789994324593,33.74839224107117,83.3766295582539,LOW
30.7463562059195,25.107144576983398,32.85064606652645,69.26410180271299,LOW
136.61786909975777,20.785286521027597,39.79238208110196,45.11756895092574,MEDIUM
124.93759446666101,38.52802519731864,28.794690251337034,48.02166856183821,MEDIUM
171.87550792092568,148.43134938623015,39.66805101013923,74.14164586457994,HIGH
25.93838298979616,82.85707553246928,39.51630087033321,84.25136050757736,LOW
128.19756532344428,90.74043256259559,32.34957407808088,56.90536288933319,MEDIUM
108.91421005868492,2.049435462782184,31.69499638804985,50.82687037399042,MEDIUM
105.3274680083299,61.12015185137575,28.984303684450772,98.92171993468061,HIGH
54.83497799495676,145.43400981695112,39.90415741057032,58.807053014505506,MEDIUM
177.6367618870788,15.264388032384552,30.84124316142567,66.83636950840025,MEDIUM
102.70387361999718,46.32046626322791,37.35226701311621,97.4075696994762,MEDIUM
160.66798221308187,13.381417792817407,29.46624211335996,95.7744010754677,MEDIUM
11.973284107157433,145.6692884236116,39.13043755584012,77.94749473596562,MEDIUM
38.60349991542391,140.08120640984697,29.99781536261658,40.18966952357068,MEDIUM
94.60829126982789,125.78453259677377,25.074797959011256,45.63976105692399,MEDIUM
156.4142970325679,130.6147140784488,25.687229336723757,83.974111132352,HIGH
153.84753913487918,28.78031367804913,24.76756043347775,95.52223565986792,MEDIUM
30.054079017980584,89.53753498405858,34.54013790633784,69.86989598857244,LOW
51.61339201858344,52.57497100015726,22.244120210447136,40.77564329142159,LOW
171.3202054033597,121.93252195622921,33.36792155372491,87.36344997578976,HIGH
117.62197586382332,107.8616260003133,39.01775994550914,60.70901926913656,HIGH
140.2680231064714,18.90347592623919,24.8807768893668,60.4805184997934,MEDIUM
76.45666633357988,57.169637734521615,36.922833009172805,92.77280925630185,MEDIUM
5.540910300287161,13.350471837829037,20.53561501988638,53.076401718337664,LOW
166.9803384659388,81.41249897439977,39.798178706977815,91.27724780330348,HIGH
176.14050264175415,141.89920499466137,36.61490090303397,63.336765289134135,HIGH
47.97767521409541,98.26114611496129,37.803544813821134,64.72405275721023,LOW
126.67242564160823,60.2675051860071,27.86301463779518,42.28098813222472,MEDIUM
48.27673412708273,146.4630470733474,26.554368543991657,99.12278631564318,MEDIUM
149.35925525628525,37.343914775277085,36.458279650864256,52.91436214895111,MEDIUM
120.01432837711594,90.59012223909482,30.503635405610254,45.562028237735205,MEDIUM
186.28380164523742,143.92494327275702,35.56912291776359,59.06244000784281,HIGH
78.70994317815614,106.04043251578807,23.246187283018692,46.84527553446053,MEDIUM
122.3780554431916,59.91441786252392,31.201678213131302,71.22293937662154,MEDIUM
127.03536644564039,130.07085326484508,35.796894700379276,87.5904666432,HIGH
45.69328143423355,57.060620234694966,35.090320601181524,61.70355373967283,LOW
111.51248576154393,22.943722985870195,26.650425484487915,42.34905959581558,MEDIUM
11.911708258717834,132.09999251932092,24.736113587500554,65.94825720010198,MEDIUM
20.042460693787767,131.94491621248238,22.172682566404024,90.56104912248318,MEDIUM
39.11707738521255,138.4696126915879,30.515925093604523,46.781164348532265,MEDIUM
78.68113666779702,87.83104722470041,29.026729236567718,79.83064109290012,MEDIUM
173.99496511275703,115.54144435499154,27.7633835521172,62.04370791872664,HIGH
112.50998440736295,32.827716540667225,34.31328841368515,48.59437696945376,MEDIUM
173.58487659905038,70.4440827507696,34.59072657424105,53.48589094404456,MEDIUM
179.21460299440838,51.48071527238558,26.917774872544626,64.73814087323139,MEDIUM
158.87981433170998,57.81437009818177,26.794568887415963,71.60780980299197,MEDIUM
84.41902972202323,82.45822908414125,22.642603746929694,85.23841533249148,MEDIUM
196.35350227797036,6.4917114270578224,36.89533059883587,57.03345826332968,MEDIUM
144.841218479193,30.34709428323787,31.743624777241344,92.60907396537162,MEDIUM
137.63344006296848,122.38963135816311,24.65737313916548,55.74200261997079,HIGH
171.0666068906891,35.41853110389799,26.473325080075604,66.46045684356223,MEDIUM
170.78056971286927,42.60595524364767,33.67430508091335,83.76785647750114,MEDIUM
154.77895406783338,11.018891130365754,35.63620240396136,40.97081757208081,MEDIUM
52.07602548334307,11.070964699635555,26.967571942441673,51.624321782028844,LOW
112.14992650513629,41.21019714964558,32.0288682142882,89.73176674191114,MEDIUM
184.09019689364874,102.77468393309664,25.82981123467453,40.46025030242588,HIGH
38.52011489653131,4.170243765892179,23.028628481766713,80.80571321114805,LOW
89.72975074849354,18.657817695555856,31.902725210776378,43.53891826527319,LOW
198.5869986951209,65.31615002268242,39.943764757864784,50.85566667645758,MEDIUM
151.83804687190366,101.99411177572978,39.06553190543046,94.01504490164692,HIGH
50.58697804597998,96.56156557575714,27.317501630459585,94.05562925598073,MEDIUM
59.0441074918338,96.25740552891457,24.814931227457418,79.36256315425035,MEDIUM
11.511367262115279,90.8521105475755,37.71360416072325,52.653692037291336,LOW
198.4401230278912,100.55619705855725,37.484125590257165,89.51593616475327,HIGH
49.03787541710687,54.76476102229037,22.73778413555045,48.06527523739835,LOW
135.2547448070079,102.39474557267226,23.017769065576193,71.30530069469864,HIGH
93.44982459331457,51.97287376367493,29.37320913294369,75.32251337094667,LOW
192.3156839701912,142.74746960143906,21.469684227805324,57.49628208626594,HIGH
172.77014256147214,141.49567458230567,28.514133845612108,75.28568038009789,HIGH
138.9588157637558,34.05823795682496,20.61048700165603,80.24022567950774,MEDIUM
189.0882293351535,127.72460879212869,36.52660158825995,46.39453966272053,HIGH
123.41456454312807,131.67206926896569,20.230675266431103,78.26463039903564,HIGH
177.75104290871306,139.9687518797274,33.26477223359798,84.3887691965599,HIGH
80.33519533540525,97.83079180004223,34.603536300685,55.298506721777315,MEDIUM
6.9099212347427885,117.96652704096499,27.519340625795977,91.88293740531623,MEDIUM
180.33210455097725,79.5668192590604,35.82643471520267,73.44572726164878,MEDIUM
138.3419096231561,89.11276271613812,22.324866114500526,74.27033839693166,MEDIUM
106.34357286415724,117.3595806217003,26.760078156361615,80.99780005935258,HIGH
97.65842651541254,111.9771306698486,27.090109177642177,45.043011761472656,MEDIUM
159.53276383697025,99.13936669806169,35.81634684617218,55.843612248110546,MEDIUM
154.60752191819546,141.71204091542683,22.754144123920188,40.805106645140704,HIGH
118.0250783489272,93.10843035480845,37.336304516843,65.21985830909409,MEDIUM
189.24010574327716,122.25240843786798,22.860226658215154,78.69374938344347,HIGH
95.49470112886631,90.56101674472642,34.74834240910138,92.5247634782591,MEDIUM
135.15333830560948,21.165458373640313,30.360399815428078,51.7598600800241,MEDIUM
127.7932408531342,86.33127904269686,34.222826742691126,53.42999378965789,MEDIUM
2.8249519422790526,101.0239576794865,26.618779905958384,66.54739049414621,MEDIUM
91.45822684954572,60.75007948937369,36.21651284370731,87.42869906813152,MEDIUM
112.16459052769821,15.440497877325699,25.832128196390144,53.28701791447085,MEDIUM
120.60743136370087,54.29480760752212,39.52111910604029,90.1794562274954,MEDIUM
188.97427734968272,24.654066984212637,39.05821161051916,69.17109989049708,MEDIUM
119.66665217699368,139.0910423469669,39.22521741620646,55.63140707413875,HIGH
68.63943192591803,149.7715114672919,37.1689807272459,99.638801147516,HIGH
100.94906571169362,56.59138459207107,35.95189762419864,78.24274415397745,MEDIUM
117.76012671998708,56.17577449298216,21.207488274834052,97.67008198617239,MEDIUM
123.52754996743171,113.78529447571694,32.10949535785626,51.38429073250771,HIGH
140.65121578358847,49.62143144739252,27.621577905535055,66.837624053563,MEDIUM
190.3641779653681,25.181079602421168,25.700614202247614,44.749189871718215,MEDIUM
157.50066459512266,125.52462982042627,26.222229170666896,73.76524096358153,HIGH
130.8090200320198,96.06093374543688,31.074459503106684,63.10756000796424,MEDIUM
135.9005074707871,132.179073542602,33.76787090944,49.82591264693514,HIGH
14.33575949193424,121.53245755245653,27.29537711535121,88.82126184358242,MEDIUM
21.3241517215635,15.04790647515849,28.597816636115216,54.05829430454286,LOW
170.85600885964504,19.492096316274687,28.468489773186505,61.58689931758944,MEDIUM
160.87064882235774,6.2425953762220985,31.110230178136803,76.85779838154647,MEDIUM
62.41494288200209,96.3792977505663,33.55461024413586,74.4847585912579,MEDIUM
109.33058246173604,90.02056029819178,25.26638250439814,87.46862181445928,MEDIUM
72.905007597046,148.91795543393377,33.70911739760781,84.37556066584463,MEDIUM
85.91853343435565,91.18507308667495,31.12544997756112,81.89542000625805,MEDIUM
130.98925238780373,67.4174197785417,30.897589800533755,99.07220040090465,HIGH
134.99927100338334,15.113896334030136,28.743328283582468,88.28013084778425,MEDIUM
6.342577096462798,15.347440201552748,23.420093022025593,86.76591916398006,LOW
91.32451750446845,121.46667481402048,29.423901388274878,46.25149216362642,MEDIUM
77.36401238512092,88.53294188069302,29.21847977289267,83.24038517731111,MEDIUM
168.81661709537877,28.691295235140778,30.67909170205221,40.46125525881236,MEDIUM
126.05364437614482,132.31207221710443,27.00287857363634,56.52220699454752,HIGH
197.9171591093408,67.85581186597473,30.955266163747424,61.50743901864,MEDIUM
45.58963530924418,148.44850808982935,28.57707967376239,82.4176310133016,MEDIUM
41.7484514785911,24.93703302335583,20.60247092264792,81.1652308601022,LOW
68.76861178570964,125.12702907417595,28.717310896442868,89.58918399331517,MEDIUM
156.91831755619768,31.668718871247258,38.10106205200471,91.3440935341817,MEDIUM
80.3675335526209,68.79748176035187,29.710303252825184,65.60281710113176,MEDIUM
88.42263836725574,101.925528644228,23.239390570962215,75.989016116036,MEDIUM
26.577449277310095,47.570548052807496,25.52243354002244,79.53918829615245,LOW
162.72417345366227,38.95578907481423,30.564959915942676,75.84473781379697,MEDIUM
62.6453406445163,24.57072653141096,39.289826296247924,83.4341046996762,LOW
76.09972661988473,50.469461654590035,22.575615477991647,78.94973437809571,LOW
12.91004699432412,104.34903275086644,39.2244488150407,56.48228904152255,MEDIUM
77.92027960635698,95.833159410838,21.828799901782926,89.82192999409244,MEDIUM
26.118568031514798,101.55924248004234,23.848538069421195,73.00516047181787,MEDIUM
87.67556426632962,146.38648238926487,21.994027914720707,86.700047007345,MEDIUM
29.485269812468196,113.96662410708312,21.415250917397984,64.3881504235821,MEDIUM
110.77747560720341,44.90414091612068,26.00460710342402,72.49822265886542,MEDIUM
165.07317492214904,86.32330712393735,36.94324454333626,58.504350252413595,MEDIUM
145.09387361560405,88.36832475622164,30.24687469757808,84.64394237181355,MEDIUM
93.70834205502948,30.17070283344022,37.99221181198944,83.39882176312477,LOW
29.60936043788298,100.91025621776585,26.29016950135929,41.94505064270455,MEDIUM
65.24606019141493,1.1043210267049908,28.0328055224696,97.11195424168099,LOW
27.236793938092575,14.65481039719123,23.325553878503662,48.02079457484214,LOW
160.0410558913768,67.49003841524056,29.363482556884822,66.03420200084592,MEDIUM
197.90210714549696,14.692459842555195,39.46523520197029,95.79092457937955,MEDIUM
50.81751363574134,113.9530381081841,35.944140678585995,89.47751347495489,MEDIUM
27.102563617474495,96.62440312033314,28.789199449904814,40.86219570745419,LOW
122.09037403959235,113.86247840997662,33.4295641037228,72.88278729068054,HIGH
65.46332021553876,85.75661079620367,20.28089689927807,67.80728846553825,MEDIUM
37.34321205809741,145.59032413262062,39.16823228026446,81.11762640627778,MEDIUM
25.706022467766566,9.959527190657557,26.278806643195715,47.842693229069944,LOW
96.74170968410058,144.7121169835856,23.65326337869255,52.61056398999635,MEDIUM
106.053924303866,23.18581616322428,35.32623556749461,83.93928893979967,MEDIUM
123.0780254447567,147.63245456779865,22.42331336090414,84.02359611653677,HIGH
91.29898453465377,82.5560978071934,35.17755672714481,58.43636108526515,MEDIUM
9.89210471062314,5.346208491249682,27.51132511005659,86.74350811738287,LOW
197.12708572147628,14.37289218853563,36.99149456000289,57.39491614204968,MEDIUM
74.66200502790201,99.29822572937348,26.41625355825222,80.45666036315839,MEDIUM
27.51199281790897,91.40789559907566,23.782986111816072,82.84684372969588,LOW
115.17124480828393,54.683795305142034,25.11823576673216,77.98871178399935,MEDIUM
81.51637118489121,38.63297184872575,31.400067343401254,85.95493874838074,LOW
119.41670662605337,102.73411370934616,28.381691861218506,96.44235569986199,HIGH
138.2486618069758,2.9620578006629597,24.296807599347694,96.47088487289147,MEDIUM
5.670648241678555,62.54483365230357,34.8724085521777,47.150701544791325,LOW
179.49876134452742,5.326762782830868,24.20499063323279,59.67113487639696,MEDIUM
130.4468447802967,46.96187721555323,31.13475260927844,57.14983242248155,MEDIUM
107.1686709049968,84.48121368502542,33.925385191838586,68.52480936478918,MEDIUM
107.97394737898156,148.7662595638387,35.0527647437783,54.108759184235495,HIGH
112.53579430787484,47.51958743454699,32.467407235032546,86.90517127864771,MEDIUM
80.28615290073773,68.8374985656718,34.963827180661795,82.55189080693938,MEDIUM
90.36707287845445,59.48234105291868,34.03803125660986,48.8113732099483,LOW
146.70541237489843,84.0755819648175,24.68124753454523,84.9860005277084,MEDIUM
72.58708474481688,142.78024916837893,28.685619534801532,40.232394268931714,MEDIUM
40.25783793317053,111.73654036733447,39.24682032153488,45.503201564536184,MEDIUM
31.456870462568777,137.14309872784463,21.866048682849602,40.62741819500863,MEDIUM
77.70211753210474,27.36098152439366,22.793201147828256,46.24697399441324,LOW
9.65085001340482,90.80528050208024,28.898231518462907,66.51215141522381,LOW
121.53612144489496,66.33517094902047,28.067064492270234,55.44127094878469,MEDIUM
113.87009970263841,92.15951220471229,28.526730852229115,48.364390054334706,MEDIUM
196.5133743480581,101.70443098902359,33.28316467259611,87.5872452020784,HIGH
187.59709350715124,52.59573144699839,24.207999615520933,81.05511523986232,MEDIUM
39.05954635676616,75.7480110927189,22.88446901698456,77.22619138558463,LOW
167.27917311167963,92.44967681041751,21.442177637066393,88.51292015470494,MEDIUM
191.5225758667546,87.08941312888878,31.80044932150574,66.28857985544423,MEDIUM
35.2474145817844,9.411865555931682,26.855971503720987,82.82567125916741,LOW
182.47096084092092,126.40791185523952,35.53343344186305,74.5362368262791,HIGH
83.16844266324028,138.30710614633367,28.556714125734686,73.86097245115313,MEDIUM
18.748421173801333,112.27986815572841,34.6046128737308,81.6468219351346,MEDIUM
137.38079250274674,34.005663484440724,20.430526146205462,43.784013054962294,MEDIUM
14.642243251168363,70.38255654744097,38.117562028202336,89.51229896624147,LOW
168.1736956880095,0.9744244244404454,34.55655688699551,77.56260200318908,MEDIUM
58.61786276643181,36.99744184827775,26.167762982291762,86.56277616335463,LOW
18.4428718571767,77.28833458875698,36.587532321452656,80.98874910830746,LOW
198.61782799597933,98.29384607204662,27.94654325335386,54.3586458529696,MEDIUM
67.33526590640145,146.03820134029635,32.66641111867535,77.27378747721579,MEDIUM
105.68082339937219,129.16971710652876,32.8251260541038,80.05559575849082,HIGH
54.00809651340146,26.70597422127396,28.78550694615867,88.65833056796059,LOW
145.52003437802142,2.097497000682691,26.40062381029997,63.77439204300316,MEDIUM
77.04394019641103,49.6254156429009,33.2303457943536,44.68874532672233,LOW
181.09631654865092,37.59464131415863,23.59775586813899,52.76650664304945,MEDIUM
63.39999815200761,70.1796607609742,29.165946752990795,75.34530547396596,MEDIUM
135.5221003963689,129.9011692378293,27.44432789857243,68.148768174564,HIGH
150.3315473679,92.30056891365905,32.79339865910866,90.80330408773163,HIGH
90.51964316790635,61.97670173469469,26.92695362072109,75.09799032639053,MEDIUM
80.15343798420953,64.32895892201714,21.6338354911189,48.68259988899345,MEDIUM
158.49520748647328,19.382243254242145,31.341174571957396,67.51050349253873,MEDIUM
129.41169171368296,12.238458307072248,20.22051772592325,69.04722249869275,MEDIUM
73.56774391439937,82.56387851015603,38.03410211746524,57.268853253360106,MEDIUM
187.90369331695166,67.64760354181844,21.00978656842497,63.9434497983915,MEDIUM
59.668719831738755,44.90185742618934,20.81988979031816,74.29606252482463,LOW
155.07186575936694,3.509603276231843,20.676436216439214,87.40620441747386,MEDIUM
42.830233915098724,94.2334831559303,37.00180790546486,87.70029314766153,LOW
77.95281340933681,120.40122608191497,31.049161483150698,42.87033539394327,MEDIUM
123.24935014139223,16.682808077465584,37.77921938636388,80.62845340101605,MEDIUM
69.98131002132386,10.499640090437657,31.46747662796443,55.70865369578409,LOW
163.6140981964059,126.82429541471478,39.23785747502789,98.48462299554426,HIGH
121.57828042488616,10.396879636738943,31.999943319139575,79.10774193704236,MEDIUM
10.307293120022898,125.2500358523826,23.164577833856143,76.24303976656216,MEDIUM
0.2810766965529288,119.52758867451446,33.90870633003844,72.3808374018212,MEDIUM
25.255919074299914,58.83731100327888,22.183841683369298,85.97780744766885,LOW
187.66979617459097,5.4845801810375345,30.07112991343711,88.56735362394423,MEDIUM
3.281361572900021,37.65741218042036,36.96416820013442,76.24872303926897,LOW
105.582935441582,16.464167556821295,29.694337797192325,76.1198237181947,MEDIUM
9.30088671364475,82.78848905352237,33.542762085321485,47.902579003596735,LOW
169.18230685764968,59.95798127968911,33.370120478701736,66.58719227805325,MEDIUM
166.74735784157912,103.47239766681322,29.010540407005433,88.44021397275273,HIGH
181.85344860659916,148.58033662423222,23.087561899864866,77.58430121339444,HIGH
120.13410056922503,107.54411722244176,28.842969370200798,79.36537340898329,HIGH
32.047485206681905,131.92952275267984,31.998268095249777,57.41754951094495,MEDIUM
173.9729363921882,99.91880223772023,24.781363318626852,70.6997569887061,MEDIUM
149.27540218381677,94.39425744733025,38.93268869707234,91.45947083112429,HIGH
81.17220261346878,83.64173922948007,21.21240518901799,68.3877264051048,MEDIUM
85.2584610179085,76.09663618626111,34.77171136296929,71.11056055985492,MEDIUM
10.188721249488687,74.1377357613144,32.49379031173128,90.99432504233067,LOW
95.41025593464659,89.15587465282194,24.965887576050253,77.27314166948597,MEDIUM
23.363128034763058,3.9336886246760514,21.639134238879368,83.68088749353007,LOW
73.50320128937406,27.200240676726732,34.15029297934717,58.348599317906434,LOW
183.50302145615765,93.10716465650118,30.67973302449375,91.7314881579587,HIGH
154.37914051071698,147.4206915538659,37.65004467767453,93.05196772804666,HIGH
51.27235271263264,66.98618874444978,30.885339206002083,43.60056911178255,MEDIUM
165.29330126145817,83.06649929472313,23.8501475336514,79.26094449315035,MEDIUM
50.0816067537573,129.85374633845683,35.362683629103024,75.2730442311223,MEDIUM
197.58001301128667,139.22229286650875,26.311956984341222,59.20527981650268,HIGH
128.02324120642874,63.27549182922687,33.297629889135706,67.24966913601133,MEDIUM
170.4538369443672,129.698831666562,28.611352414574842,64.19197679668689,HIGH
92.72526611628287,139.3898523161715,38.91283652783197,83.4805815838368,MEDIUM
37.327180822935645,53.388470311181734,21.463006203990002,78.16686655670074,LOW
179.57688114867062,66.22716169584659,26.6509631677439,84.04197783113347,MEDIUM
0.481219903377772,126.00293970487115,37.34393052226855,96.80396434058525,MEDIUM
136.96967765445766,113.8256150713787,33.50615980478643,94.9733897260297,HIGH
153.69587232873215,119.96889008440088,24.68438969969718,74.74290793358622,HIGH
181.75779593534452,65.20885513625038,37.60440143020553,50.5447026616392,MEDIUM
90.89947155065437,105.91635305559484,28.16186286279069,83.23632309043462,MEDIUM
82.65485525897427,125.23379788580317,28.390099791296805,58.31702412922341,MEDIUM
152.33298802354537,108.53775139445467,37.21057780040702,44.56318798086429,HIGH
52.922885383520565,10.42178232056592,20.113954113495332,71.30990682980458,LOW
167.1165898805045,83.32635395750167,39.657495470830995,72.15255682356772,MEDIUM
48.48354952724898,27.2617301883309,23.552128227963504,59.66979798056611,LOW
169.13925775388225,53.55720831025989,28.482780345492877,40.22462776466411,MEDIUM
161.52053302040787,131.28055967153796,34.092777146236195,66.40459666677657,HIGH
122.32530979433432,125.57365600022116,33.44906791631423,83.57404800353274,HIGH
98.66749716155059,89.91785556991877,33.96786357809335,49.177357357584825,MEDIUM
4.659637832443253,78.77438581050319,36.51243557002177,61.121664750485266,LOW
84.21645862861212,104.18156263813997,22.66446487713727,62.720341136556755,MEDIUM
165.29277907635986,142.60126216970014,26.472479483083035,80.92481735263658,HIGH
135.7192845660388,57.436104969585266,36.235928282185384,69.76923138464127,MEDIUM
196.50098630093942,141.8970804505881,28.693111438270364,97.27131754736183,HIGH
32.40006891348608,93.85624558401497,28.30952976870045,99.75861740951811,MEDIUM
171.3293462617757,39.50355285282355,28.425585439614505,46.0952529402501,MEDIUM
108.42092168778224,56.30688732241999,30.93992756314553,90.45858004195011,MEDIUM
111.67115378907877,63.777416179655006,34.124748001932204,55.122858109645634,MEDIUM
177.37784609649856,112.62547568549331,32.23550884479549,45.63203928675472,HIGH
90.55472609064763,69.52773204341143,27.574375018638403,84.5030668776393,MEDIUM
77.98175883833238,73.84088159670124,29.410600230710685,59.22106557920892,MEDIUM
9.475463764016379,23.538118879969595,31.287584260058235,54.43100338490231,LOW
50.246524813337736,122.04283212882012,39.5429665400065,59.57697068731345,MEDIUM
104.95044162758111,96.41908826507888,38.67827930517623,66.70355897249316,MEDIUM
146.31760295776508,137.6440797579989,27.306482919071023,59.08230267660961,HIGH
133.14197822910361,135.33370509961833,26.63344874789999,83.97341848352767,HIGH
43.185266727209616,111.20089867174947,34.35006819079273,68.71103637122403,MEDIUM
55.02131775815846,55.11471388332096,23.95168621196103,85.50891607684366,LOW
52.37761032427937,121.33901662331557,20.924794290209764,41.3445705580081,MEDIUM
116.11980818259693,19.486605283045794,23.145351212391738,40.76645339039916,MEDIUM
170.79123385041595,147.2753908790191,37.309826716424475,60.086156609551125,HIGH
66.60874218919331,95.39925219966494,38.904939419434314,87.8438844822005,MEDIUM
44.665111718846795,115.63588368898003,34.81484031149738,65.54642530988994,MEDIUM
74.6226025416407,136.84924034095476,37.74460564325143,69.02332581334849,MEDIUM
116.33940366836073,24.30254719132885,25.624190269171248,56.517696003622405,MEDIUM
34.100473913962134,58.370381343929516,25.86878884290484,45.70222151145222,LOW
35.42090007376404,119.40160448708849,36.30496373844664,72.13449603189389,MEDIUM
135.0124900512141,65.06500881086559,38.688146184205195,60.67254432798879,MEDIUM
62.948202752198256,41.55850262578638,33.39637442525499,69.32832988369995,LOW
183.79811792226914,40.90845533959009,33.49452010546703,44.57243099408407,MEDIUM
131.39583718824633,81.10111241088845,27.424767547094614,71.98056307033019,MEDIUM
136.44488610038047,117.32459449014776,34.127888133325555,66.03767156688929,HIGH
68.88299959998486,107.79503239015601,28.947834780308053,66.64745500186244,MEDIUM
121.44327655504365,13.789839808011955,21.05466003527424,43.94280646969647,MEDIUM
166.55891651822503,94.96467449401248,35.46683285889556,96.90019551362175,HIGH
4.9070588823785455,91.79863518342391,20.682756520722812,45.46998394408695,LOW
73.18641642196617,9.337499152007462,34.478956543011435,73.36113539371429,LOW
64.1890762149182,98.51547325692364,34.03881705055287,99.63240292703419,MEDIUM
97.32693194822262,138.57170989501952,34.17522258415809,94.5180215220887,HIGH
7.965303450922834,5.273199474294138,22.507001815655876,49.535168164369495,LOW
125.0213489014192,141.58963317493428,30.86304173438596,72.75626646921033,HIGH
136.58403320253964,72.55023477557987,20.923923945909266,70.88801328287609,MEDIUM
19.470091033486202,124.61761313519155,21.099227107444026,59.81966961998196,MEDIUM
172.4240941146915,134.3184922079723,39.183373559906585,83.64073171782478,HIGH
97.08991139636916,77.40893461997858,35.45008348758147,42.4697529963936,MEDIUM
191.15686514536625,76.07586648982488,37.80168132776162,60.8934063864746,MEDIUM
78.8979823742984,46.486314901364686,24.038427521202244,72.94897848480969,LOW
86.17732665956876,131.3664447817166,36.70499107339839,54.418424420247504,MEDIUM
127.63745007767832,90.43180442571739,31.707382341055116,53.04252665474876,MEDIUM
53.91309561324697,38.49860658269027,20.544612978627477,69.54907212981283,LOW
102.24156533143211,81.20867135000502,27.561805964385485,42.07006865211904,MEDIUM
181.5498559392894,18.476732532078582,27.841386671486255,83.55098488942673,MEDIUM
111.35489466887418,92.19909939196553,26.34970758147352,65.34544747786968,MEDIUM
46.56829377648843,40.517731384219786,35.991566765081764,82.37341237042119,LOW
66.8519006763267,113.12231960384916,35.709069029249925,89.45998805882502,MEDIUM
174.10268820538553,89.97427631792432,27.256017825329778,97.56347997521343,HIGH
67.70609800953497,107.33471656329588,37.48811578060986,45.08278896210507,MEDIUM
108.75881628057593,120.01636662117454,24.797511665501304,66.78501745866083,HIGH
54.77569321363769,48.99008010051597,39.17322753104471,49.60365518173426,LOW
178.6341151011813,58.638284332240595,23.77236259888185,74.53988469932479,MEDIUM
11.473444265220788,134.66790137639734,38.49409562440324,52.404368554207096,MEDIUM
53.62670196440244,13.065037942968127,31.32086105504346,50.27245273397391,LOW
84.39086593958191,145.07282757294877,37.6959361060377,43.01429811894391,MEDIUM
142.67788878060998,117.3857314708828,35.882717429223014,58.05453041026358,HIGH
186.405797653415,49.55161837475801,33.48112916151884,84.61479021348902,MEDIUM
30.58350705864381,76.30592840355446,28.195139567315636,94.76056584704119,MEDIUM
14.308788563884246,46.87926966795721,31.01679085609375,64.57218241049307,LOW
98.61802904135376,14.632557015391628,27.737307073373707,71.95191318433004,LOW
66.21748898024411,68.04932990104521,38.857623411943635,47.73421333101628,MEDIUM
35.610923514503746,50.694821461390745,22.47407186191183,45.90302434893749,LOW
58.71518131802125,147.67449272656307,33.25932181314867,65.75772871761367,MEDIUM
148.15300944740636,145.09582618336626,35.8142872194636,96.67144377192412,HIGH
63.790299131196605,105.24333905021896,38.29673795708951,89.85155982262525,MEDIUM
54.544415924066314,15.184163445178411,36.54324389264159,73.94391619860487,LOW
198.44806745083199,34.70033285487016,36.11296230342664,82.01757312202724,MEDIUM
50.31386593228107,76.62476537380927,34.371896935126614,61.570605264475844,MEDIUM
190.57041196163712,109.43979615192578,22.02208516649604,70.49086183816233,HIGH
67.39037758872351,57.15944020273589,36.65155186302118,99.82713501976903,MEDIUM
153.51364630286017,123.62099207726637,22.318120768457902,79.03749698032833,HIGH
39.59339031878288,48.05781904567575,32.7054365103036,40.425829666721214,LOW
111.22116315270607,12.57931001350962,36.27642500599712,66.74424326235004,MEDIUM
121.60355581939535,141.54178611783752,25.871632717295533,99.8064423228884,HIGH
39.94785306009878,12.795411563503201,25.27373985589871,82.94972972959414,LOW
190.20303059756475,72.25870322875004,30.136175972293856,97.33591120897611,HIGH
103.92445437028393,22.72710427390735,34.015705138162296,48.81158713737756,MEDIUM
174.51155090944425,50.56424176673089,28.860603483459414,77.25635822630751,MEDIUM
51.41282016373088,24.75789799428335,25.427630968185888,47.79240035736578,LOW
106.4242779703982,89.33742641072396,32.688578018935,92.69572428342981,HIGH
103.64302693425583,31.436332444460604,21.2426978789779,99.76629349679126,MEDIUM
81.43309389914148,122.74640740714356,29.03871130401619,46.19393398951196,MEDIUM
120.20234581037397,47.0261100508412,20.479872536969634,61.053805135111304,MEDIUM
156.95806474707464,71.99428402376198,35.57805542231762,58.574319654649635,MEDIUM
120.25450054666236,90.97586697007773,30.906533027821737,42.96016252484023,MEDIUM
51.68435425083837,16.126938551696608,20.94428183870046,66.60115539965298,LOW
58.81838296873383,49.11277272549471,30.70147447986679,79.89917807886756,LOW
44.09478659281554,16.0908258720191,39.46884242200812,98.95947582649868,LOW
147.10647666961907,130.38659553615548,28.409329683393914,41.31146104046155,HIGH
56.573107881046745,92.87380457605472,28.629262063853297,91.58714742571206,MEDIUM
95.51291848170295,101.28827293626144,36.86188775058156,71.41672542980619,MEDIUM
194.9837942121428,137.45092828774386,24.917388576607998,54.732099768346885,HIGH
38.33050624277532,59.52295257736954,31.08308669212414,64.89445018549883,LOW
62.16422211252486,134.32900900871022,26.92056311363268,89.02522741260589,MEDIUM
171.69007209871305,89.096779244035,29.93330827341038,99.73941462507703,HIGH
199.66920788780507,142.5825144678138,30.2177525466618,42.71270500432495,HIGH
54.20181863191906,148.92484774794644,20.3784301374033,90.72484881092464,HIGH
52.74429191907017,149.93005450008175,39.55934828379535,90.67379221068902,HIGH
109.71549869554207,8.901583367328236,39.525936242998704,91.42520910848944,MEDIUM
125.78916086136273,136.27421904850976,36.72964649447301,91.09698936881625,HIGH
142.94555417737377,128.7440331363693,37.656075199468404,65.34869360405443,HIGH
149.27200078726074,55.804591693128685,31.514383340691268,81.36726796448207,MEDIUM
29.731210508706486,22.996305153303283,21.66309768500572,78.78832501605746,LOW
198.595153498512,19.243332624451682,38.57391531634731,44.41783322199079,MEDIUM
125.32833787384396,14.520373896835926,20.263239648918404,93.52011451975787,MEDIUM
119.78626597513038,52.655894699253565,24.25802656253161,88.5900374315407,MEDIUM
154.49989474825395,30.29738742827818,26.60428179656778,50.46688788878784,MEDIUM
104.65439317913352,109.81363405470726,38.27786075310678,43.712114738188816,HIGH
189.31026034914518,122.74888782543815,33.52103448913974,73.77634481291165,HIGH
119.00210210485973,29.794366473131216,22.03246834456698,85.62547289614537,MEDIUM
196.82508787496397,66.110645010139,39.72382697224733,64.83034865050136,MEDIUM
40.92585993577378,84.32242586016945,21.570881200372906,65.15446511592955,LOW
178.2896974852374,147.5025020143213,34.73433495878048,61.986659173886785,HIGH
189.98154357562075,17.980719391122058,32.707170125484346,83.96557989730283,MEDIUM
194.80384757974247,92.77840568794589,32.54691803186975,68.01866819876949,MEDIUM
192.38014920672964,60.7534379984363,28.857490787088693,59.801732876619695,MEDIUM
70.79820998937988,49.074939248456175,27.772317632043286,69.62456459696786,LOW
151.99434629417348,59.51150016323368,28.529011564402314,72.07496321788426,MEDIUM
11.435436393984212,38.21330618537103,28.854974402461288,54.407036617299326,LOW
156.87106483420663,11.617546419741437,36.11655627447275,67.05989198705157,MEDIUM
8.857220586285198,121.17183264122437,38.963731029727654,94.29629739303417,MEDIUM
68.69990093409734,130.6193816409513,30.292365923611115,93.7088653526358,HIGH
175.25526493222813,125.63032786268502,27.25641128290431,52.554586649052524,HIGH
139.0180027100841,69.39867859551222,38.25310348554569,75.8811888364667,MEDIUM
117.74213182901154,24.34655089667948,20.4845158760426,94.43095830490743,MEDIUM
5.557544073325871,53.59642523150098,39.667646603150175,87.98366903059903,LOW
173.32775779437486,47.686142873956136,29.79773616240982,47.40376638041607,MEDIUM
14.399354579678736,93.70520497338813,35.49919299352108,70.35154601425828,LOW
5.936036819324619,138.31052888418034,36.82724351314653,88.30957316395508,MEDIUM
41.863738389931356,33.01359135617173,30.42419291578766,99.11013271666947,LOW
32.01130568812787,1.6161654575539863,24.43159680148206,58.798099702252316,LOW
135.38814636128245,115.0019816818939,37.75890105777711,63.1497590631633,HIGH
109.11007760669274,27.54164517184815,25.251314889649805,48.61577785000495,MEDIUM
50.90760275311881,1.9343644665483883,29.84002481154029,67.67901688875696,LOW
195.8623721655702,17.448920743611634,31.095228677751358,82.89370346383858,MEDIUM
165.9036193062465,2.370003663747827,30.676791819802986,79.53139062820071,MEDIUM
174.04941473260115,43.96437240994593,31.94081245602657,98.09410616350448,MEDIUM
52.10608774516257,92.28479250151108,26.651737228763217,59.45210912261314,MEDIUM
168.1332759532336,109.47994409877806,32.18162607063712,95.8690627189675,HIGH
167.1588412211531,126.50786113835588,37.25387292203892,83.57556565405716,HIGH
186.51699559354677,103.29827060844136,29.45416801050092,71.9060121641239,HIGH
120.80710591091793,19.46758202901645,28.02605642360272,90.84386531510927,MEDIUM
170.5868276958172,146.41657574448732,22.344414234263073,53.09288296373266,HIGH
62.842057862860145,30.139482445639874,21.62572287058251,92.16547070730596,MEDIUM
27.4227966588499,80.28832969750505,22.988555401733613,98.80908920084897,MEDIUM
14.697607622537978,15.145367793072529,20.362610997817573,99.61238314867254,LOW
24.618262782253076,145.15130257491163,32.68170193329677,96.88008008435267,MEDIUM
22.32565909920421,127.15104294884715,30.511839678400346,56.30409761464328,MEDIUM
131.23891581286304,60.03098429321385,35.79360598433479,65.90476788243485,MEDIUM
63.22146722308328,17.628387065738803,25.024521602110788,81.57045361786903,LOW
39.53033530056573,113.31773899036251,32.78118570931742,79.51800456877183,MEDIUM
45.39939436412159,0.751456547106577,24.441300231696374,78.16076161411871,LOW
165.6496861532882,129.20757773752774,30.339528463563994,83.35360382296798,HIGH
17.645107841177254,61.2257756034348,24.798756378736936,42.71078935468883,LOW
44.02593515189732,97.4341934866207,39.98918077315104,63.282249128079904,LOW
121.43136239059183,145.94701849539982,25.202329496071773,87.38551753475372,HIGH
63.50437224613428,37.397737249572714,38.92524018349598,55.48191862320081,LOW
73.67200609299975,100.84844060847557,35.44309777155873,74.99807644592418,MEDIUM
170.3328530333451,28.313864311527016,21.84008354433397,79.200465288037,MEDIUM
52.56365977798669,59.948706843811195,23.947719108559575,43.758227706234656,LOW
173.7430642486513,141.85019665504902,25.28050588143079,92.97824395071113,HIGH
184.04664658668997,64.23211566013545,20.131304478421907,42.236993762025726,MEDIUM
78.79064108849548,50.100658317976844,31.371075438701723,66.99831536293122,LOW
101.19960203732657,24.162383883338133,25.2449932098042,98.8444359934989,MEDIUM
1.3914468345749276,81.37415115941664,28.361991253909558,54.65645692843196,LOW
33.636665798796336,145.31330222770592,20.64830110905558,46.14906836336786,MEDIUM
70.33198600843973,7.414930692050669,32.600439873357004,46.80835632007854,LOW
130.48393795255436,26.82154489854169,24.172212228242287,69.10963729912012,MEDIUM
26.495558927195372,147.01683171483836,35.1677005426469,94.79055796115988,MEDIUM
190.60338188895867,72.89406118361362,29.475947477626054,79.04727608015051,MEDIUM
120.26239162057848,34.73098777462996,24.651640265356605,46.46396927079411,MEDIUM
11.547675616169716,75.31817096515654,32.09187645149551,60.29093668000537,LOW
163.25779261221405,10.197231900538778,26.69616131917565,85.90234174052208,MEDIUM
98.06256650163843,41.207793429745806,20.056974655369835,55.515721316010136,LOW
18.743888486068826,20.280130593144797,26.030596790900166,49.565530686387646,LOW
2.753423326636084,74.76064413346839,23.119172420158336,41.66351403360628,LOW
195.52609277880174,5.326868792576983,36.478865200219616,48.34744022096383,MEDIUM
99.15128494763019,67.34531897396695,39.64783056546497,95.93032945212512,MEDIUM
165.71595936481106,126.55019245823851,23.647719822808902,96.38176879561613,HIGH
8.587571063714506,135.28204102699493,34.792421773496436,47.64577543646022,MEDIUM
168.99818650931851,31.2108811882642,36.08867260691317,54.386978629753244,MEDIUM
123.75074035300236,20.2007591680458,33.36499545250216,66.79704376471358,MEDIUM
96.87593599364853,51.34947182398365,32.02519058576591,99.56004403508095,MEDIUM
137.72510492591493,47.00482417516991,35.21650574234269,79.77727815841583,MEDIUM
138.18236915258964,132.83145150299322,23.538069497210778,78.40607766509044,HIGH
82.50860931209805,86.84638069572688,20.398737501855983,41.03499716497333,MEDIUM
55.44506920969206,37.20837470215213,21.794790705633165,84.57612168156056,LOW
199.39757104315518,149.5902327943253,24.959859318359374,83.49766706909031,HIGH
185.0612774647773,31.535284549150667,23.031270448719226,61.00101903048295,MEDIUM
182.68329049258165,113.0065885826859,33.16290411415638,80.33077779234236,HIGH
142.99488478278244,59.847217010450606,28.69431489676397,52.367988151410344,MEDIUM
135.22435353064463,26.868865361320925,32.26802460371374,67.72778971534713,MEDIUM
124.68968295811116,103.75671788900178,28.292476877367804,76.81963386095931,HIGH
109.5175099822205,66.32629481984519,34.757851428407406,51.185559943192175,MEDIUM
177.54078906422023,66.70283354614452,39.28696239117263,42.250135822368435,MEDIUM
86.1391334872544,137.42386008969143,33.93173399023466,60.42559968569687,MEDIUM
135.61453238758108,107.87839962732794,34.98597661268738,45.110484056267595,HIGH
81.53647584765696,27.54844615005655,35.508423364968685,93.99362868704252,LOW
43.52535862079196,111.89632722087566,26.184502524968067,43.64151500471576,MEDIUM
125.15826238659508,102.73642520295006,27.22409038109633,79.551253591261,HIGH
73.27108988922922,8.83156266314083,39.32555703499034,81.43248256333177,LOW
163.530113462625,99.44591364592735,29.22958803698644,49.07723714118089,MEDIUM
110.80566627562538,9.981254949487644,38.21938484967558,61.30435720624072,MEDIUM
199.5178503340242,2.9261218906935227,30.13978773377316,77.58802742030173,MEDIUM
53.62404258810034,36.90792407346381,31.87887486247753,55.663473754363984,LOW
149.2414505671708,134.77075031155812,28.89797900915072,74.92296904953344,HIGH
89.57791031260093,76.92115145300758,35.499159790394444,93.0110978975294,MEDIUM
75.06830373996291,98.71957058667743,37.22587880950773,86.06221960320723,MEDIUM
113.95338329087889,20.136482147747298,20.10929753352672,99.41200834665432,MEDIUM
183.8887589749489,28.90464778122122,22.749347852058406,82.37181440857226,MEDIUM
165.89831778693497,61.37304769763571,28.736008329694506,62.305998264342044,MEDIUM
167.88579764990024,111.03071582370006,38.24288264684028,49.45036863156368,HIGH
5.112462191455092,125.26342467248872,28.891489024333694,91.75188356740821,MEDIUM
77.44518676987026,83.9094493356362,28.263373913458143,94.37966150618128,MEDIUM
190.63796113466924,2.8866291608963204,26.70298194940709,83.20460592673287,MEDIUM
11.936260348917482,68.3137414151589,33.60125177254332,70.48057645834446,LOW
22.798591704858318,53.98586927021945,32.87649437289315,44.17309577329085,LOW
173.24353498685917,87.07950812657806,25.31703683380585,83.72654172117689,MEDIUM
143.41494832466626,42.49313185962216,28.917760396552474,50.85533738167651,MEDIUM
88.73252743748843,75.15487496281882,23.907952864180565,59.92421637750988,MEDIUM
13.238608677121032,76.88316603876025,28.940323784594547,49.89125098939606,LOW
189.1486197812576,63.73079174977042,25.621920975978902,64.7440177741376,MEDIUM
49.66523662432329,50.38487467968907,26.98535939012758,84.04391135901659,LOW
124.81980612985646,67.354395640791,31.123463852108188,54.504931567047166,MEDIUM
148.92064603413183,54.97500633992874,29.899670660494245,44.427987606309614,MEDIUM
180.29316272176953,30.27426233437971,34.03777096423643,53.31072067426851,MEDIUM
7.251132004935634,120.13881919339742,39.04556406902748,46.70721655442495,MEDIUM
68.50746774412929,97.80923919648258,38.21922681349329,56.314477602841734,MEDIUM
166.70729458198875,145.69016263210682,38.65732032376475,89.26843089374402,HIGH
105.3496348162857,32.813947952051095,29.868708335151517,95.80992810809293,MEDIUM
54.46078077504137,73.84150550375834,30.501190473503666,42.63335824336345,MEDIUM
158.55075497473874,87.99108327005465,25.623936212943235,44.31034958166772,MEDIUM
126.32122997759754,20.331265156040708,35.21865946099392,73.00006464131909,MEDIUM
113.90628591321628,103.3286519015599,37.83963795955165,62.20913995592922,HIGH
68.32955844045028,14.906901471473667,33.6603764184103,48.69452732277201,LOW
48.095696559041954,21.716847062264645,37.719828494517515,73.65515181282409,LOW
120.72382241755102,88.27880836870366,27.812888833286525,92.86680951258616,HIGH
133.28060528339736,95.66291024536321,38.82647186000162,59.18550581188479,MEDIUM
91.8659031280106,43.19880881117441,34.04072508283757,71.19631846638573,LOW
37.77417139674151,59.886519467914255,20.17868179144578,73.19011498029366,LOW
130.56471911226998,147.35311363684872,39.57020101888506,46.364529186053,HIGH
36.93670210487596,136.55425057203422,39.911672870862944,73.13283757865035,MEDIUM
60.94442223119001,57.63923891439104,34.69020955869596,46.409882375588765,LOW
174.34456371944768,136.06559364335536,37.664500544578075,92.5733669679095,HIGH
115.50694023812622,70.54272630776507,23.368814877973815,83.27745323138261,MEDIUM
186.95849609797992,125.50316778186313,26.22598133570733,55.783658599980164,HIGH
57.19229907928272,141.97467484195212,22.351151447279708,93.45566068887443,HIGH
44.935578723022516,6.786542702973852,32.416948962655404,47.784887579352876,LOW
45.4377486315908,70.90578160742373,38.37982279535235,71.06578852096186,LOW
53.34517769571549,96.89250054432462,21.82930933833896,92.63244219799823,MEDIUM
81.01527680646656,67.4581878825855,30.077647766063265,57.234134352001234,MEDIUM
186.6067377116326,69.55109593153301,31.703461384768687,79.65105076161447,MEDIUM
182.58428761905142,78.5541782014543,33.29912775817072,48.416066276785074,MEDIUM
62.113920639020215,85.00235686284111,33.83230891952711,72.07025719361911,MEDIUM
73.2772828836622,68.84598905226315,32.66234820873688,82.78779273941393,MEDIUM
181.10997429291754,130.33137690422942,21.945020698388383,58.3683949776032,HIGH
180.48453611494887,62.265575686688926,26.41055748439701,62.86542383464291,MEDIUM
71.34631687089932,78.13262189077781,39.25532771093313,60.27523515446089,MEDIUM
13.341144807178939,83.90591476265014,25.99251287150407,59.0411584866315,LOW
90.21913502734395,148.98263063338268,23.70194088718744,70.83194216498434,MEDIUM
0.7377520551401062,145.5811789100191,28.836144422877275,69.37277244795362,MEDIUM
177.44461554410975,68.85165623631995,20.99905087004068,84.65815355640599,MEDIUM
75.55722722815419,128.01014712335498,28.568022442706805,81.00404744582919,MEDIUM
70.25742456600044,112.15974838578897,35.36444899218269,83.40685943210292,MEDIUM
36.70877089040068,61.386187141322594,22.46000124974164,43.64492849513914,LOW
182.38190796656224,134.0376776184079,35.608526517917554,41.03768228127164,HIGH
15.050505006769077,26.869095093949664,28.083564944243875,80.7500897705865,LOW
40.16138234346798,143.1183619496849,22.787325215878404,67.50408342732749,MEDIUM
62.43930793424954,21.91689091390459,31.65371814967721,84.0354153957922,LOW
146.86380915194752,110.53030478815609,37.78414886001788,85.89455069074415,HIGH
29.029329666853208,3.3774344960804226,20.481591169847427,77.926839729497,LOW
62.045544736959755,76.8853904914761,22.086321401837246,98.21355896975592,MEDIUM
171.5051676000996,127.03537604291981,30.903015427304318,55.78075516071656,HIGH
121.53730668724407,8.559488826408268,33.39372977159469,50.12171928116769,MEDIUM
84.10061959017293,85.45560470691676,30.04700249329543,78.66869535357023,MEDIUM
44.34034864723555,137.2538993070042,22.415100732849254,72.02442880617949,MEDIUM
154.7058847337322,89.44908994243059,33.734878958527915,86.02130010072139,MEDIUM
77.52447774092994,86.50382792839252,33.450472740726916,63.8540434636414,MEDIUM
152.3161826100258,53.183666640640034,20.087628082076375,70.6637546318645,MEDIUM
179.98467722167334,86.9636047594535,33.24402621855374,56.72709387216488,MEDIUM
15.82953110095804,104.29259933140112,31.64115355774593,57.98250589192871,MEDIUM
136.98415295875145,138.37565220672417,26.818146691020743,47.37170922266881,HIGH
147.33036300820152,96.08499164088877,21.677066342035587,64.24554814897957,MEDIUM
115.30663390250106,101.21097272741001,23.505476864825297,51.02618746151805,HIGH
88.46763705978023,29.026822449822003,29.884774875525945,86.45706610421374,LOW
111.32580342461596,106.49982588788569,25.7990765205042,63.76353693875974,HIGH
126.64210092186164,9.176592997859546,29.086850640360005,74.96480439418212,MEDIUM
113.73038013247513,53.76996948902418,28.806970610451927,92.97553954153685,MEDIUM
156.2786549201563,48.606893192644115,35.27102201556697,77.32552854225891,MEDIUM
68.13671624106014,117.9373949111663,20.442382350653666,40.72110277655767,MEDIUM
172.18195893276396,106.6367816402019,24.71568952470307,71.43313403348223,HIGH
193.4901971281551,44.649331595661465,26.031216955589887,97.50215510730499,MEDIUM
43.86973906132763,74.86962140588311,24.98095879715713,46.480464028248385,LOW
137.35556560427426,129.71069237072695,35.910884029384775,71.03190307468054,HIGH
158.6958275138561,15.470837437007983,24.35952543392283,55.60620037346667,MEDIUM
34.3385967551187,136.25146358773154,27.291359808674038,95.751575598779,MEDIUM
38.90053612810633,141.20265494438738,30.283605941967203,90.1451626585598,MEDIUM
46.721751815781396,20.642681802993867,20.375988395945598,94.84828489322831,LOW
179.90181384946885,85.1940514170006,31.8975312433517,95.64088124185295,HIGH
117.1999689670566,17.665211288003878,22.568556092447217,54.88254503087862,MEDIUM
119.0127326679493,63.91243205401986,37.58123274322922,44.50840746282879,MEDIUM
42.47988456210321,64.92966061182223,22.12647439960238,74.62294660742234,LOW
163.29880480573823,85.59030091661303,26.15917325204412,79.02367204778295,MEDIUM
59.26765166509096,138.46483844622293,34.03908287683204,79.5492103263925,MEDIUM
85.08511226210311,79.71972574127672,25.5391048974731,54.358542840910985,MEDIUM
60.86662744299136,62.94021452355786,39.26725273819926,71.2538821247038,MEDIUM
58.54124644760501,114.10660643133983,24.182969625430815,52.72090317247134,MEDIUM
15.353818141825393,1.5639150228158982,20.26761402705691,93.32177843024057,LOW
151.74810336540855,103.94051115954215,38.5111047240755,71.0854225767468,HIGH
82.6890824301643,75.64596523344727,38.94767929114394,85.41499941155163,MEDIUM
194.48767605993092,58.05811839201232,20.10259250660043,46.04398925542445,MEDIUM
11.897451104349766,146.21784489946194,23.25888685739151,59.38303204874356,MEDIUM
7.68303120223266,103.44792465759411,39.01833355682129,80.34093789965948,MEDIUM
2.9605924323457877,72.99314893337616,31.391248671621085,91.34623939023751,LOW
60.82206646554405,125.96845926281235,37.02515194343886,57.70697355037595,MEDIUM
70.24019550050575,146.93611749264713,39.3344189468862,64.02325749223333,MEDIUM
66.99509655078202,141.39745797830892,20.436819366870417,86.76338835750398,MEDIUM
67.66592418270952,38.354549045267184,26.96178757655196,87.73268347815429,LOW
119.20264458939218,20.554253476127016,35.74807619862257,90.24151652412161,MEDIUM
8.238218188145275,8.301147578839924,34.80886764758013,93.81160742087754,LOW
36.18114055577087,27.279795764869203,26.193630315588145,60.5828162630636,LOW
112.48906648580083,106.60360284303437,29.749883247608096,83.96107398466704,HIGH
32.993191665368315,10.834473225947711,39.812818403590065,88.19351290610356,LOW
38.563189760936424,98.93929137501065,26.854819355669505,73.34876886705563,LOW
190.7019417401585,37.247544373867306,20.502084714314222,48.38751501479734,MEDIUM
149.15384641201732,115.42298082945348,20.09051322596926,60.73189647833224,HIGH
19.601787659434144,54.883451049555624,21.854089543877137,40.714552202383544,LOW
122.04718104509018,99.94946638830304,29.15870855034388,71.30645435253714,MEDIUM
124.22234763268484,120.37691911335871,22.442067186227032,53.62090875743807,HIGH
185.45678073284137,124.99861853278374,20.289184143162768,69.37502747564334,HIGH
142.63443500653221,112.40404622026135,29.966063856862583,87.50460883635844,HIGH
0.13245567666473335,145.12817460657325,32.39739796092821,53.37615787287368,MEDIUM
83.20021248212501,10.531215312178299,37.05971906064764,40.04947572943088,LOW
145.56201476664384,110.07378631749435,30.3342211361507,80.1380773006255,HIGH
45.95581123097246,101.12676225048774,20.703828638516242,53.65506010875208,MEDIUM
93.0904549149787,64.13350777873593,22.590361360107153,52.19597365104003,MEDIUM
147.79049030507883,128.1877813818105,39.403873817705225,84.55101244443371,HIGH
73.00685971427825,35.318202960920495,33.82343834047553,42.08172051062329,LOW
141.17676593552164,111.68353306772622,30.88888614555556,48.044966743621885,HIGH
42.74659478772917,119.45938869943011,21.71069316589313,63.68459776284093,MEDIUM
195.83054000021366,29.77812882224258,23.028686014269656,48.478556738184885,MEDIUM
180.49342415748364,48.75480718210106,39.61321078567979,86.27028097707418,MEDIUM
19.57894548563597,144.02121598765433,25.429086034226074,62.347432961073906,MEDIUM
133.95547670281255,12.796897160410209,27.308454545581,45.64692874072924,MEDIUM
62.61389670900313,65.72056431053504,34.87161234989329,45.253884291687335,MEDIUM
191.76291388588024,127.6516206041379,25.070154920080512,79.80602928810262,HIGH
48.98878106381335,60.415976063762905,38.08854502561103,87.12819422377498,LOW
184.82690501006675,50.571383268463116,34.31092057309443,72.9752650396394,MEDIUM
173.37779039793466,142.07116427216914,39.26674544779655,80.73493005403941,HIGH
78.54026574113158,132.95533165724677,35.46192202557335,81.51304975591773,MEDIUM
189.31507989690823,67.68751117273547,27.979363730644486,77.16394980523356,MEDIUM
138.1841947835353,11.998437601628865,23.49880771413296,71.36911254277776,MEDIUM
28.028589317088894,46.02480855769648,31.809396438865058,78.69061551075723,LOW
129.32353933881956,15.817978046113751,24.007439585944244,62.07804956842642,MEDIUM
112.49196541944228,77.19594407780222,37.93765004484992,48.250860998749694,MEDIUM
46.23176125246109,112.61534567614844,33.4131776154324,54.85320765695916,MEDIUM
112.55271330164798,15.415764243043185,33.20727791360988,72.16400456654398,MEDIUM
38.45870121868706,67.64941173990975,35.80946405145999,60.94899438642978,LOW
125.79934894783432,38.34362344122109,31.404002743302428,98.8084597726459,MEDIUM
32.721839190854276,118.13454168547466,25.58429806071353,63.41254906080719,MEDIUM
158.4980932303488,94.8325754546934,33.49271426121,77.59407768741173,MEDIUM
70.30936253952788,137.63663197910756,28.644064888255848,62.89408863495731,MEDIUM
145.81555034590576,96.37935879478015,29.65690444210811,59.26074780054631,MEDIUM
185.13095124965417,50.57074361228571,33.10576654257416,53.64330974498252,MEDIUM
89.7099814511041,40.60741347664013,21.601046089369184,86.55522828350621,LOW
52.201853426780254,140.91393271214798,27.111033532709165,81.61149719446311,MEDIUM
72.04896427539538,39.02751062818323,24.66382716332534,67.81182164020954,LOW
129.89048932360936,40.37972968757366,24.14283018094394,63.35223483335383,MEDIUM
85.7688458352773,37.9076126368511,26.82315784855473,81.83569231232434,LOW
90.05618838343332,6.765546995338095,27.810952167061693,77.13206993734636,LOW
57.976234701095294,112.81088388580551,27.82199645611933,47.34794903700909,MEDIUM
86.19686149723084,46.18974858300565,22.385206661950562,63.89631837858596,LOW
22.014740468739745,0.22492103223721305,37.46579337147203,77.59663655816561,LOW
173.0654561755949,42.796877263910055,27.683998320467893,74.48576269232278,MEDIUM
114.12298775175425,17.65557852508566,34.42363949400258,99.68229690868199,MEDIUM
78.67105491312122,60.41003282874471,33.82478019297814,40.68976843656724,MEDIUM
72.21297236076892,71.89267057971763,38.338106538126524,48.382576303115826,MEDIUM
97.80475221140874,77.23634341558481,20.965480316428444,65.93049453789007,MEDIUM
22.73697914847599,119.9266356453845,31.12322192677511,64.1434815148559,MEDIUM
141.71130702871238,67.75499290798518,31.999352482903255,47.68688504019935,MEDIUM
73.61133334242282,91.24982038286245,37.082310352737935,77.64961509682635,MEDIUM
122.01717623224371,38.59709226320305,23.691640194508665,77.26576663098692,MEDIUM
64.807123131869,117.57496124109652,32.862055449041044,77.53854950586586,MEDIUM
49.67373642357897,8.93293282347734,39.03416273200531,73.9578802930101,LOW
118.35280493473887,130.9395894228453,22.799171891073602,65.97091268197235,HIGH
162.9486289917663,9.15264177309647,30.93880963750557,68.72414991267088,MEDIUM
63.51467754194504,126.96334396470611,39.183400483034404,80.5540134081404,MEDIUM
85.93017502339049,146.83861596168114,22.50530226878571,93.36970502465607,HIGH
193.04675312649303,78.77305394439966,33.818671036506814,78.45014382829575,MEDIUM
155.49603256398808,0.9403000827314767,28.412284681923932,81.00999745471566,MEDIUM
112.00349538609684,48.104824691337875,22.143912776993098,89.08904152098603,MEDIUM
17.74927558632209,0.7375919903511718,22.585818002283,75.79870259258607,LOW
42.582501564474605,138.29360533158024,32.41617785329967,66.09395740898458,MEDIUM
60.33258581767669,58.64814615841936,35.39287567422836,80.6662981946616,LOW
146.4282854943583,24.882604968608412,27.228751959449852,49.784278911719504,MEDIUM
41.96185496505252,65.20773875489455,28.904783738132913,46.258998975635095,LOW
182.89408952473713,60.55632725917406,39.11277678497259,72.78051895037915,MEDIUM
56.603429691014526,69.25642722008318,27.4377097839879,69.66553177076534,MEDIUM
129.49689292466618,79.61635118631902,28.660902856981345,81.77122664182988,MEDIUM
6.962629395250652,58.5434187717008,37.87939110050648,56.43848975168004,LOW
110.33406263947236,77.49729265649721,37.81081842842204,92.32904131433403,HIGH
147.6462804952188,115.90132853384739,27.982270293600955,43.26115156089946,HIGH
46.900536022252105,87.01234442527799,28.97445887137573,78.13335645861697,LOW
155.05383067446692,42.68501939391341,25.585218296073187,41.452424154235146,MEDIUM
130.04076607679636,17.96533892989199,23.927508619294414,43.254084859588325,MEDIUM
194.3114548848202,55.1141552221551,33.880318233255686,96.53516105480024,MEDIUM
8.128603277488766,145.72372315810978,22.23090644292948,87.89950028891704,MEDIUM
54.47773350981468,79.75582707613356,26.165280340073522,94.19641598493578,MEDIUM
173.74997902331378,118.41866018877197,22.639076489386273,50.595807386734755,HIGH
198.63965509703314,11.124262260263773,24.66204063718871,82.34569035653023,MEDIUM
78.8708769655316,2.019664739884691,21.317895876794385,49.763542908847796,LOW
90.00438443706263,129.0134279168214,20.43852221515605,98.85361197195846,HIGH
60.643779017464716,108.36472099306678,36.28655732750441,63.426069173078886,MEDIUM
110.07038934601385,45.761517083739854,29.3394407343759,48.95071970449347,MEDIUM
143.25183811407913,56.505233799992425,33.20627145504396,71.63946368575148,MEDIUM
12.5335117037104,84.69097768540722,31.610249220731227,82.11595404811655,LOW
165.09552575127177,42.61536101772593,20.72656222622409,96.32201859993535,MEDIUM
180.49643517854994,2.571820592607704,39.65949081516739,77.76336290232415,MEDIUM
115.48551017706983,19.728463573710247,24.867683607440814,53.45901599622549,MEDIUM
119.8809268531225,11.069074034248272,21.538220491880647,90.72075342575644,MEDIUM
144.06679714106588,43.98339431019598,26.838447097900904,98.29132245640659,MEDIUM
121.31477735589517,8.661058694607792,34.25923093804986,44.18938705643495,MEDIUM
100.24084906664474,136.570438402237,34.05959186898919,40.49196791477685,HIGH
179.53297239521314,33.91459945147107,38.778376555940525,85.8608988788614,MEDIUM
168.32722655029087,18.230631553520254,38.2937275974287,78.73052830839447,MEDIUM
195.6654977863678,38.770451971458684,32.27988485305119,60.8612595793799,MEDIUM
88.05805885823523,79.09656759468866,25.527688969328253,57.5702611452588,MEDIUM
112.08415748203204,8.062599732121505,21.323417959748113,51.52723859174426,MEDIUM
133.45418553585247,58.87033694089519,23.872921375861424,40.28296105013629,MEDIUM
12.484440213392523,9.994988616022338,25.929585374305262,82.22045973692119,LOW
140.8984476183085,17.010801517029208,21.020414424042286,92.28236202328804,MEDIUM
147.4219032676356,17.62498283007839,24.719647085276538,95.49561521654982,MEDIUM
63.44585188644671,38.89613741686727,35.478278227909826,46.845547981699276,LOW
14.873287618027774,34.658683975639875,34.5534571778635,63.441220830847,LOW
195.53172153096543,61.209188597129646,34.42634649353475,69.95006506664348,MEDIUM
92.92576208915384,62.9080916067306,22.885158815073307,78.18526988266565,MEDIUM
72.0994205466474,118.05105461867997,38.82153453605771,88.92093465951818,MEDIUM
122.97406568633032,125.82064520773793,29.10634457923534,94.1517060609127,HIGH
125.6260438495145,109.15996933554915,39.047417475516966,55.95749950857022,HIGH
67.78876495851529,128.27309807749126,23.18559626393037,51.68862128948098,MEDIUM
172.20834440620837,0.8572161773527209,37.440998221387005,57.19740278437402,MEDIUM
155.05040939410463,116.14771495873812,37.76719336242221,56.67579130132145,HIGH
168.4012166962758,9.343698875421708,32.77288591425748,84.88260202312918,MEDIUM
34.03281342611142,27.689340438936398,38.06938955216936,45.70773441261265,LOW
120.69977857636145,50.13660478252467,23.4287311847532,60.8043410845049,MEDIUM
114.32282381115762,122.6300590104528,20.985641884715218,77.77818540085849,HIGH
51.97179143830715,80.90782756565274,27.488532389123172,73.43431231550795,MEDIUM
82.06162259886108,31.30968868156207,32.913585960022324,70.88386556478233,LOW
66.67487263762644,47.70987312834191,38.13261466356542,96.83546631836552,MEDIUM
186.35020216165958,45.50918590199169,33.066989866986006,71.33109002645025,MEDIUM
99.82627265298636,0.9945172000395963,22.48315927716523,83.41255010034885,LOW
146.71267467870518,44.55866783958098,33.24333655456111,98.78490833079019,MEDIUM
112.89169408370022,137.93110980915972,39.26884424346249,96.74129069219268,HIGH
19.493242865013727,113.9240233023182,28.459273798155063,40.76129131173745,MEDIUM
26.160103770749842,119.93552804146559,33.48125679315859,69.70702020290366,MEDIUM
72.22452136511438,115.24951175687703,31.563150725005656,49.28603064611995,MEDIUM
65.41589992711307,140.07769037569273,38.90962470715508,42.58939631557049,MEDIUM
121.72418859427054,8.440658839197818,38.08381244118472,44.701167102871636,MEDIUM
163.0887580169099,33.963877603076185,36.30271158283174,55.429534644030234,MEDIUM
166.65284743991015,133.84129897297282,29.250943940930153,95.45801408004306,HIGH
141.42908051143615,55.2309570488738,33.49602985717344,54.013621544857436,MEDIUM
131.50474917639232,112.9966281363217,23.360952866631834,52.65981939772562,HIGH
47.17506891241023,110.61507427497678,24.43121854247018,65.29269766342765,MEDIUM
140.54485806211935,2.6997183646753573,34.96581583014645,65.40061295774106,MEDIUM
176.637521036022,131.32327838323204,21.766321632030913,70.71324242518385,HIGH
113.81060404224772,59.4579897031821,35.38462348816757,56.40711649546425,MEDIUM
55.28101220512025,76.31064432748212,29.442146455663735,93.57680619432169,MEDIUM
35.14283005501184,92.11685452648345,23.88479012814044,44.911181549218135,LOW
114.96611285422462,46.137214415221386,32.072028065537395,83.15354719765256,MEDIUM
47.79032574597082,0.19765841886790203,27.847571360586574,93.92755946282092,LOW
178.84668744090723,100.46042596887784,20.932156999064276,51.22335796018619,HIGH
2.923604126242285,89.574851157338,22.582215689644073,86.85987295846945,LOW
51.44271830710736,134.2287717045458,32.879947738218846,96.85236532095551,HIGH
59.34752777492718,123.04343648433486,33.54303493431434,40.04108783453865,MEDIUM
123.07849221727243,41.20339921159276,22.798555923970497,67.20578161093155,MEDIUM
9.73840289651029,26.920638967818938,21.409798679992747,44.2991743245896,LOW
72.2682348999883,142.80696672603162,35.634882868611854,45.02644134407986,MEDIUM
161.43004126643945,101.83833358936597,21.986254421760083,98.5825056953291,HIGH
14.11486281643597,136.04015764770915,20.910251973074228,87.4391766163017,MEDIUM
127.7178083882915,82.34508450931031,25.51594442713549,97.59589716897506,HIGH
180.4697594834078,27.353279414921104,36.37584543037856,56.537292554992064,MEDIUM
5.677198989856658,114.74660349879478,36.0028802305739,72.5185597305551,MEDIUM
4.621792313177453,91.87181310821306,27.509084360240657,71.48016900553779,LOW
187.89966973889128,24.831916342300094,20.649887358212876,75.2495942213161,MEDIUM
96.62278622140308,41.737926902478385,35.446734973333456,43.018492250801216,LOW
31.557952783933608,6.396982438528198,23.2965926671501,65.07994915539243,LOW
74.0606536198579,43.862887728995574,34.59713431652105,98.8407357594277,MEDIUM
163.3906668962342,54.65821507181605,39.668072000511785,84.31007279803909,MEDIUM
74.66493630578577,11.920415895486386,29.16990424045735,47.19241381568181,LOW
79.84169628941802,84.04520981848319,28.3444926043449,50.57642839021558,MEDIUM
34.14207660686157,97.549125779415,27.268961623549124,99.60672860322168,MEDIUM
73.25504183775995,58.111713728894,31.86588059570922,43.937795672228376,LOW
196.73563072836833,30.97509986490956,27.073875641844225,73.91901866240516,MEDIUM
91.67405263576023,19.89897120669536,36.37544698413279,52.83223035960677,LOW
41.2278751507122,36.4456928216125,25.791609597233062,98.13731523589092,LOW
181.67057738805522,59.49103028223199,39.67590811804666,84.7711981793877,MEDIUM
8.877456598458465,108.16306575096587,25.207571673283137,84.93865068450083,MEDIUM
56.67748584665107,92.59591066261011,24.92543107160194,53.165186004534135,MEDIUM
55.80126980988869,20.166024358404844,35.77990296355317,90.29748517226011,LOW
143.27146905382443,64.90428409791905,21.740887072306336,68.87194117311071,MEDIUM
133.981305115682,123.74733968193304,23.358436505643652,68.4227712875306,HIGH
42.66492502744039,98.46746020645429,26.680453210134658,74.95887567835365,LOW
104.65679127020479,58.0489639631826,30.374954723000776,49.37647272722833,MEDIUM
109.13402915180464,106.33916556576554,35.39850487142796,76.95508848234148,HIGH
57.737747944605914,1.2881952463661195,37.948724938895396,93.24110800279942,LOW
194.66594942838944,18.135427092626934,22.20436318200456,85.79659825753188,MEDIUM
112.00142484799855,110.38359757344578,32.882083258489565,50.88677264065133,HIGH
39.24516586679698,0.5492193196652451,31.147932596243884,98.40339158270832,LOW
125.86797792375295,104.77353181561217,32.172711179313545,68.8366626406319,HIGH
94.44524086892434,123.61058437732167,24.990604017714826,70.80543381601524,MEDIUM
169.20287669105662,148.20873061936948,26.95299115740172,43.27137319867893,HIGH
83.07223733436298,140.71640509755915,28.83560527988194,85.5055719871157,MEDIUM
45.24965132793841,49.04228505068235,33.3347424007121,84.84058189034184,LOW
48.184450044901524,17.985871762330824,36.706853451013096,45.6692426169792,LOW
193.86447136061514,149.56851004669127,30.408451038839274,57.70699129462623,HIGH
146.34812894618136,121.95420106820832,21.78866403666966,48.80440874077388,HIGH
122.46429529506572,131.3008944908081,29.836566010163864,40.27070170888726,HIGH
76.8555417015754,17.947886902567806,35.16964295516534,85.61319116538613,LOW
13.108743034011283,49.01165112209741,35.85798510922112,83.61605924536889,LOW
162.7533761059575,76.35722700498106,34.36805125390784,58.91234349113543,MEDIUM
147.6784338117821,42.629911897747526,31.094498485167357,98.51563035701466,MEDIUM
176.16980311904277,14.72890082920203,38.13694606362103,56.234612811657115,MEDIUM
148.75154237838856,118.23539320950032,26.35735422849431,57.842815369815206,HIGH
50.446515321691024,91.71160478871457,38.296526272561124,80.23909507663906,MEDIUM
115.05954081921972,28.474906849343807,22.0603734075701,80.60788077390188,MEDIUM
177.25664910543887,14.761387568689837,32.49998131181762,78.78301630165186,MEDIUM
165.59067707777842,122.17434896139946,33.22437621100056,81.54073299118937,HIGH
89.1795273585853,104.04488685515021,36.60181911738384,56.25241886447937,MEDIUM
98.3267304835928,132.00294414295718,33.369380782002864,98.84172233695318,HIGH
87.24853590850599,79.39615559448619,21.185737105294812,59.16521099937552,MEDIUM
108.14290451085643,106.99033611014084,27.927403657073015,50.621356559264136,HIGH
118.6769314217071,85.42653267045577,26.871461108961995,55.76465305052474,MEDIUM
68.96619448062997,19.903345050275362,36.32133261218186,94.89852561600563,LOW
159.70251082919248,60.19345904569604,22.92203384317517,78.46355135234046,MEDIUM
45.8347105821542,44.92716533746268,34.15031306543601,82.07371441473082,LOW
20.566699015841117,36.77436501617441,38.18342819613561,70.31810951686536,LOW
152.91205745054597,57.1276025556784,32.000236449141056,75.24706229728977,MEDIUM
69.4511436105467,59.56899451167975,22.959711734860146,51.75736364411317,LOW
10.578578479999834,132.25189897925168,30.94212587740916,65.13892924119686,MEDIUM
32.65059260476231,7.157720503455139,24.457883538955862,41.12737057104823,LOW
198.7567121933878,143.30564119756917,35.872109331284754,53.65812565454294,HIGH
20.164148000065786,77.68480289294244,23.6685034900839,83.98865973490993,LOW
186.46797032526453,109.88787862204511,34.978633417887764,71.46749154816004,HIGH
12.013347876151936,26.75921947646,32.668750074935105,49.384945804246,LOW
55.04331987031226,113.54284077715788,34.54636378705443,73.56410029923285,MEDIUM
95.82278474121199,104.0133193873195,28.09125366995527,43.22292392761795,MEDIUM
132.2659673539356,143.16640211805344,37.1406215794058,50.917194756166566,HIGH
165.88626773155178,90.06239320352566,33.21908495800906,60.575543946282025,MEDIUM
33.8057381731804,1.5573547363316675,35.26988381119892,94.89707439037258,LOW
12.62906313102281,78.51107370765703,39.20204959571548,94.06055294974166,LOW
110.44177926760345,47.86756151095864,26.9171052809892,99.22217401024844,MEDIUM
145.5370951458803,124.08386318878783,39.362528042843515,90.46195290651859,HIGH
68.95074707388824,145.61728639475936,22.945909940649297,47.41029412280902,MEDIUM
87.65162475960611,68.3380160594819,39.70720861894214,81.15321411203317,MEDIUM
141.6546829214886,71.82980376693148,39.48235212854962,74.08597674461029,MEDIUM
4.95726073045597,19.680906171000768,29.36337080980936,60.8468985137628,LOW
94.86924236831243,86.68833766095028,23.04565934587059,90.95027094872525,MEDIUM
116.09531255354264,7.413263058161457,33.222693708528624,42.91838871530992,MEDIUM
116.36584804202201,51.55195510856201,20.211311417649547,70.90421104156661,MEDIUM
72.97033820644889,53.519979084460815,34.398101850972466,48.463138365238215,LOW
38.43525333181557,142.55593688811783,39.013551760482514,51.57930164881805,MEDIUM
153.21514671284945,43.483184616176004,30.841561479709398,91.88660865299528,MEDIUM
11.339639825969684,22.85843048460488,24.89828540550733,84.78959580572639,LOW
57.036841498934535,43.42037878652644,22.200363270717027,40.92335954733576,LOW
74.9758886627372,138.51746297990144,27.957516290460944,90.6075388390556,HIGH
122.10420889780995,42.836611475696046,23.27985014035837,71.56572670451507,MEDIUM
84.41314205511168,49.335338321581744,26.966719000319735,58.058070803979916,LOW
18.010650380444183,40.44600442097703,34.59021390852368,61.87575625639971,LOW
39.32658291568556,23.608345288115153,22.07442833914673,94.6731289313633,LOW
46.78042506687567,61.858078225604416,38.31404871363904,79.32563108414047,LOW
87.34975915034669,140.92222421544773,35.068984161427096,70.70123406239537,MEDIUM
18.528963775772333,9.229706358470025,21.81709208878501,85.6584925614834,LOW
86.37779037382387,128.36342722094022,27.206643838370454,75.99219442717043,MEDIUM
122.58846156700788,130.2975545752627,20.565276606776703,86.46679558388448,HIGH
17.292142052832894,50.004090907419275,21.031573463303445,53.416468514424324,LOW
87.36880742370903,110.88217378823657,21.959339304962246,66.03076919242753,MEDIUM
28.996089800803038,40.36847574685636,28.009317033202326,81.3651354010936,LOW
125.47066573714156,114.48100579002343,33.834706587262204,78.62833941671353,HIGH
52.172319347484276,5.552163351259387,30.927652845668433,53.75910550512735,LOW
35.533475477765684,124.3700307144638,23.547143133238645,42.32409394547149,MEDIUM
154.94676797795708,115.70191630656095,20.68137335315999,71.4901028718558,HIGH
63.54439679804682,79.48832960673748,21.873266881714276,80.4707386797659,MEDIUM
70.37178822854851,80.76374000013942,28.741308062346306,98.72188656332608,MEDIUM
194.12283299842977,13.696080919320924,26.573289875411465,80.1185794513741,MEDIUM
151.09184548969907,76.5116533284245,34.867021108365485,71.18099715091901,MEDIUM
56.1795630346345,90.46392778861089,33.09929531710772,94.7158869577674,MEDIUM
42.90273105374942,119.03341761720554,37.26424321058061,83.7352706695481,MEDIUM
129.87846554742282,91.15096667294196,23.19697520000696,64.63440569863943,MEDIUM
104.21769324092828,106.1751326350121,33.31963252052148,46.839870114656534,HIGH
140.1432908360458,147.75434573973678,29.465178843875247,77.40811978034604,HIGH
49.40732172992153,124.19776979299772,23.287523369902157,51.99314070363063,MEDIUM
89.65838442693301,114.34746238064395,29.680566892709507,64.06682537035411,MEDIUM
113.72391345855128,81.53154084776303,20.044702445802073,79.28387169900587,MEDIUM
145.2267028784578,17.742981177796203,25.657655228253468,95.71846660239606,MEDIUM
93.84987318725983,94.62583818097337,27.439136818115287,77.48379681504323,MEDIUM
10.290723406408397,125.56600159193724,36.72196869258001,58.63685697863267,MEDIUM
64.65816140421632,70.47873607563405,35.06326172789491,99.15558493460922,MEDIUM
138.46299153357185,78.8155273619719,35.24023264876522,96.74340468935763,HIGH
90.80705732250468,121.98675762985658,30.176749487553465,75.73361227044364,MEDIUM
191.9223613850612,103.61778351101276,24.14109338974356,51.70545686343643,HIGH
121.03109662350893,145.68200989881052,32.21145741626739,54.303534187014165,HIGH
137.64320022213892,143.56027560237877,23.23338769435865,87.72676217980674,HIGH
81.51448699015154,82.93612485272105,23.49657650401279,86.11568405914217,MEDIUM
111.96615099575686,115.2865297097846,20.747510132551845,53.57629563617146,HIGH
155.97432045816106,52.67224306538831,23.243842686767284,98.85498116744347,MEDIUM
63.789986408313126,11.660431074860822,25.48336748721963,56.54597687716449,LOW
14.032875310260252,10.109962412507617,20.18337893730783,66.881326384309,LOW
32.84249760659459,103.88823988485528,27.67890841444006,75.55641648074709,MEDIUM
119.24465843957405,4.614275190896705,37.67540449800026,97.882479557321,MEDIUM
81.2898096090654,107.60199788237533,32.04775034214521,77.17226716578136,MEDIUM
107.09857071730558,12.697653889393312,34.446450468405885,95.9996832552822,MEDIUM
11.587492261764476,125.26370538080316,27.81072814111296,75.81131242959563,MEDIUM
183.7888013898638,65.54023223569386,28.79320548499917,79.91173566546121,MEDIUM
185.07309331028608,134.77633985196238,32.54538149975435,77.90754546398375,HIGH
34.54121296966186,77.54564285437203,28.729474322754914,81.16752764264868,LOW
161.67303701271786,12.188522512231975,24.744857662989915,66.12181631265372,MEDIUM
136.5035060940619,73.88525081860041,27.7471821134912,73.25157302519762,MEDIUM
198.90628833603446,50.76246508807142,33.353318184893865,88.39135759109584,MEDIUM
125.97421844208566,69.09970140633605,25.101738265239103,89.58042656754341,MEDIUM
13.525291378927085,45.363256862871395,37.68386494306343,92.59316709580588,LOW
131.3693649725006,19.245241189231166,22.57525789945384,86.14362384431894,MEDIUM
22.611651127666764,112.15160526636025,36.6825897649572,63.13551936489057,MEDIUM
193.8388282760319,75.05155982441605,31.696835066897286,78.32204553394166,MEDIUM
130.06991058217835,119.64698628638553,20.066051800867612,59.40428230196977,HIGH
89.08251155900744,72.10041620983432,21.70849101725292,59.31098490845107,MEDIUM
25.748885225544214,104.24640623160847,32.98048738183929,49.82988057860941,MEDIUM
136.43319473704935,56.76238364025985,32.221068160950125,64.67645557792017,MEDIUM
46.479815673844584,30.73865061414729,33.5079867027653,44.94511188022455,LOW
22.808273294199832,111.706524218027,26.04810391357617,58.68379580664137,MEDIUM
153.35313411691533,13.98069417383021,37.91441575526062,78.48607658471255,MEDIUM
73.32345502808025,103.49332076623358,24.965259462845097,88.71944885346923,MEDIUM
75.59502385827113,127.51091690346696,26.291703790546386,84.00051281155129,MEDIUM
110.09721908403975,102.73737952950648,24.409966154791707,42.646493965194615,HIGH
1.0665093648821067,68.57081620123898,29.39286669148925,70.75941391008148,LOW
82.44335420583992,26.589330433842,34.4657539278802,90.83306653350274,LOW
57.415950876542055,39.14430474752721,34.88608387866393,76.1005881372395,LOW
141.47685228979577,114.4031501803903,31.372125258023065,95.17650278912997,HIGH
89.61467904581912,78.6937912851125,39.188519805026914,45.8952443016539,MEDIUM
60.61888209295165,100.61709498044114,30.115335664110873,95.0341053837869,HIGH
11.262043344211481,97.97820139541813,36.52284896095944,96.83110930986714,LOW
14.709052738665495,4.813892425312255,33.566374234286826,77.58254695428255,LOW
96.6244063372733,77.81017691324469,29.45525669519182,82.89385984146102,MEDIUM
80.24844770923885,125.51809907398734,23.597748411042062,54.92813045359719,MEDIUM
39.42246403570779,53.546555813807565,32.36336100678821,58.054133964820664,LOW
194.23571076958729,83.97684244305908,39.261750366093466,47.217147751550776,MEDIUM
136.2661733093095,72.69109529359812,30.12842775548787,77.18897726181899,MEDIUM
194.60815055549966,110.68665620936632,25.563004053256545,93.6795986890603,HIGH
81.92723129006974,12.338109209112897,22.639353324995263,57.26822422064932,LOW
170.7396254158919,85.888645502197,36.69018333355096,89.19096089476551,MEDIUM
34.74953220048644,121.93296493433941,31.800975557867197,55.44943630019506,MEDIUM
193.57969757630963,16.73004867538481,28.844849442297406,50.88867722339161,MEDIUM
142.43162805693646,142.13897927095275,33.56294236235618,74.43986922605865,HIGH
13.72671290770282,92.3378559303132,23.619804220602937,64.92607813201465,LOW
154.84072191452177,105.1683167956584,26.262417263237758,78.98978469336018,HIGH
177.71592192971798,1.1550383376521256,26.529633407682887,66.54634230473158,MEDIUM
178.32815463796686,55.49157658943845,32.69237148453951,44.41271653072056,MEDIUM
14.536902642574145,85.03303987395198,25.854711259360453,44.51864718844214,LOW
95.60201627502806,146.37334337918648,25.66881212797256,67.87041776343492,MEDIUM
98.8615120247928,126.94636600516306,20.76677914299292,97.89615171246078,HIGH
70.97298498727017,134.28971889666752,26.691386684268064,98.7638079239346,HIGH
149.30301265726115,87.15153116368812,37.90491177216888,67.91678995784267,MEDIUM
159.77241564737668,146.59391923744013,27.49548785000047,51.48532329622822,HIGH
125.67042105588395,49.49281832483314,30.344833248358384,49.63179323176218,MEDIUM
68.37001341284348,23.035875420751616,36.46810623528674,52.193089355559,LOW
178.7862610129552,59.03511547636505,38.79082542299343,46.31518047657613,MEDIUM
23.429408227568693,44.96438900525766,35.4463649605305,49.49341605045095,LOW
149.14496417322,53.36613696861957,36.40831450297936,74.76859390587393,MEDIUM
167.7433343037527,19.80556105048622,26.00842671698279,76.427764389061,MEDIUM
96.96680512011994,57.43366649925339,22.502910439629204,50.43161877771459,LOW
25.602354148304585,87.84300783458977,32.45249772281359,52.458351422667064,LOW
176.534738982524,26.96233654237874,28.0713574545823,67.02789532794827,MEDIUM
101.34436330435581,44.351946988462515,30.120945216726827,75.85215575600186,MEDIUM
113.47372326073868,64.25843504383774,34.43868299893899,66.74284476965764,MEDIUM
58.685491120610386,129.17377913362313,32.107457762329744,72.1609063034274,MEDIUM
116.25573055313134,69.11737563944779,35.821762975931755,79.37833272009084,MEDIUM
17.70908846099779,19.469822680960984,29.52086338176414,64.04238363910929,LOW
138.66652510713277,0.14544124953054793,22.63438354572999,61.19916009940497,MEDIUM
170.91876398297103,105.50469719301921,38.85118233695499,88.72083555426804,HIGH
185.2042711490293,64.86113720779153,35.66691718575768,91.11673187141193,HIGH
142.63796552673617,142.03593828635456,20.00707662243032,42.590036871697414,HIGH
120.02010634522237,131.38863825324398,20.92888690631013,58.69235525741164,HIGH
187.0309380157776,36.854627858745495,30.927914718594316,40.37127215701872,MEDIUM
55.710571358173745,22.551097742547178,30.341431417590538,88.07403862571371,LOW
157.69207525383024,44.84353717719229,28.341950438555987,91.03594536467207,MEDIUM
148.91185682480793,30.648871109423187,29.044801249401353,46.65510111215931,MEDIUM
96.0330719132096,13.834153137114773,34.462856640807935,55.557447828443756,LOW
107.10103827009672,118.00874883515078,22.33961813335851,73.9933974710325,HIGH
38.809248533239725,127.68015567668618,37.089746188937085,74.55448287901683,MEDIUM
61.53673418250687,126.37749400349311,22.899708005725717,54.808900293416144,MEDIUM
17.666268496314718,15.77615379753694,38.364503082034815,87.18499916890381,LOW
18.476724383639255,112.55849893888212,28.202714942395723,65.1404326834328,MEDIUM
77.68317475921754,37.737102945483755,36.296951066464025,81.78184063575924,LOW
83.42116377284101,29.421308712241068,20.525209349320477,72.35300175177198,LOW
12.525518164751626,24.964269940659268,32.631038491695065,71.19323563862481,LOW
61.56484957466388,23.13335160938501,23.00002722530781,65.28955417059359,LOW
59.23439360107417,145.67034338902982,22.857845209852556,92.43780572394007,HIGH
136.67328130053318,77.04656948987576,20.927161707071132,91.95155772438233,HIGH
41.14286566649443,13.951030036965651,32.16404136556665,52.987320133581385,LOW
81.93620726618178,86.60543421969557,20.660023010818612,64.61343258116949,MEDIUM
152.85845464545292,17.35079984391512,21.617158666350292,47.701269445826206,MEDIUM
70.55188931818898,9.077592455527867,23.19419966633809,54.41485428978255,LOW
125.65388367373744,33.499878308755946,21.934467601900575,92.73695758019028,MEDIUM
138.03593408375878,62.596265226294534,33.247255350364945,89.13713934729672,MEDIUM
102.33002059260627,106.52206895551988,28.790799786396914,42.347369773555485,HIGH
71.9568445600564,131.14705792029497,23.809896614139685,73.14734406274516,MEDIUM
34.119336177792306,98.60776777189987,28.69305778001761,63.06263845131619,LOW
127.01380085832781,130.56179212913554,32.093998974924816,67.73562815497678,HIGH
57.72446854435982,13.197990838932977,31.0031970726314,78.67306365741156,LOW
3.713490485434412,39.67607114105838,37.55472000821101,60.0528586397164,LOW
180.65114374121515,46.68095277928824,28.094777125397126,97.31379325206308,MEDIUM
121.36405157939096,76.00988692204271,25.60499408231295,77.26629987047701,MEDIUM
90.91981932411122,118.56901843000672,33.151485069291425,60.00849362650054,MEDIUM
102.46276372290144,51.5229332574157,21.036107971354642,68.43252540562216,MEDIUM
85.87591509110466,116.15085377527217,25.653754527703853,83.09876594034328,MEDIUM
130.55168817657204,115.77793427731031,28.56217457703771,78.07422902757449,HIGH
118.62250135914458,68.68486507691416,29.776136974570907,46.042140781651746,MEDIUM
87.16156636635688,81.10894553345426,37.85663281975191,95.5963055481793,MEDIUM
66.769399492966,6.275455228800664,25.957898702110057,43.60981370678365,LOW
40.94613734019137,82.69074175211637,26.736533528039146,72.99698043362002,LOW
31.250159215403748,123.59379732230018,36.699730939597075,44.462927776235816,MEDIUM
169.778076410646,17.726390288933807,33.56957737908717,80.25749515342119,MEDIUM
172.03600385415893,114.31929178279276,27.511158925232827,81.16639625298585,HIGH
146.17453212959174,44.56261728433775,37.30870870268971,41.078825615827284,MEDIUM
161.28897839743138,58.71034173923757,28.702609787359215,98.65198822227907,MEDIUM
29.549602162057532,91.33588518070704,29.074348433382802,75.63642409281482,LOW
156.21041138136044,71.14220888500085,23.6480775977221,83.48997345952628,MEDIUM
83.1504195759867,144.91207423433713,32.31112736139288,54.83471639997264,MEDIUM
115.40027627119254,110.40413545124822,38.64717232822679,49.97577368528357,HIGH
30.693288302111487,115.52453899313821,32.262202343017165,91.15658293408097,MEDIUM
111.92852513950686,14.985130995643297,38.83419135003548,98.01276496656085,MEDIUM
48.610245478905334,98.39216517273498,36.85497208110909,92.51892986937949,MEDIUM
97.62055334451321,133.07961951366252,21.100121400805907,60.35965413699594,MEDIUM
198.9403761772428,73.49581909248248,26.269873809235953,59.9903927058347,MEDIUM
151.81917756778526,141.21393126625787,24.128786858117113,77.75775149336496,HIGH
198.51563577484816,63.478286975847524,27.758000650315424,59.11088072055611,MEDIUM
47.537362460328644,140.47279761197575,39.219784753116485,49.708528573809915,MEDIUM
90.2678439413986,118.68375573960402,34.854983039898734,90.89896753364972,HIGH
32.53573686614792,107.27108357381096,24.501926499557936,76.68999331733158,MEDIUM
193.23393713822827,88.6502442486379,39.21382610358971,53.24965988640788,MEDIUM
10.682776366905689,9.866820905363538,31.511809378640216,57.33765499937753,LOW
37.33825239346733,53.531782351917975,36.29605669780997,81.04176333098252,LOW
54.697193748945615,126.11683267912909,35.14916694130406,67.60829686069532,MEDIUM
143.73107535263458,61.66197122888183,28.054205598727677,53.65519463212742,MEDIUM
195.90635311541755,12.283058683804432,22.18876950446908,96.58552504458362,MEDIUM
163.31385974410483,93.802703679112,20.837520408361673,44.5515901725699,MEDIUM
166.16614647153708,65.78543362098246,37.22002058468194,99.87909643618907,HIGH
2.0333066303342973,40.042449661324525,21.765544226303547,85.08181840809507,LOW
190.22305423356053,16.872992000112593,32.611680966053996,62.656702824354106,MEDIUM
75.41323077436716,10.89240650015893,27.269749967641765,41.00489061239841,LOW
9.869500558405942,61.04364250804816,20.739969794034625,90.95648285138701,LOW
182.84696393742428,33.176185646975625,29.019909815788193,54.38754379168808,MEDIUM
138.84664642904102,18.434766735548198,32.750270242182424,81.98825092166322,MEDIUM
12.21017897543597,143.04117313762444,25.636006863617503,75.43723348099485,MEDIUM
85.15954536066033,117.69543955665097,22.195556199797167,65.08986862754107,MEDIUM
57.31347678160476,91.23568551909067,38.40433497912397,56.74277987134555,MEDIUM
67.86960277880092,24.271581795306464,21.093109298756794,96.669695193318,LOW
128.38292780747412,142.52775762969614,29.575750759598037,64.89646692543894,HIGH
156.54746528408486,64.65704809755302,28.614446503095937,67.69501196323205,MEDIUM
165.49137420449313,23.248003025129172,36.27362746942376,96.66244727111157,MEDIUM
189.2748372082664,137.89045541456628,39.739371994505674,43.894959045546344,HIGH
52.26744911963848,140.96972284481853,33.06102670886291,65.21260352894836,MEDIUM
108.47683228474858,101.94460175978655,27.188003107862684,55.547399393464914,HIGH
196.12953065148915,144.84189142657158,29.29234299705228,58.5306258557709,HIGH
114.7149683111378,11.218537752062863,28.77628819633935,88.20712081315443,MEDIUM
62.19412038991112,87.93160200773073,32.43439699728819,81.5310150948262,MEDIUM
73.59134522196926,145.71330632447132,26.758067494282756,57.16928807475663,MEDIUM
107.22946652197281,97.64802424975679,34.55178356908391,70.39275393730577,MEDIUM
15.099305145924081,66.65138168610166,25.575246050042537,87.53379635703735,LOW
183.5157465374638,74.2304764775412,39.85853944978018,54.88933888653389,MEDIUM
181.22755969802319,68.93965612474757,35.46100531507482,76.67869412701019,MEDIUM
143.61649474890567,63.13725053483022,38.732129284705,40.839580789748034,MEDIUM
195.22319951583015,149.43756126634926,36.29196800089045,65.48006984365958,HIGH
112.3593751111903,42.75804706996267,33.06623171549546,91.6062531548067,MEDIUM
11.751385481200805,99.73487045974642,31.51518012775312,44.86959342557849,LOW
32.466274385182814,122.80646189172758,33.01502054498758,75.05115281661037,MEDIUM
39.51322662620305,95.89382173643257,22.718278715915023,75.54462568643845,LOW
22.475571242545065,18.96796444354145,38.82198074956467,71.47595310292841,LOW
29.79200320370492,75.39930800488594,30.67053509641672,79.962860160985,LOW
197.4018212091531,15.232933170291723,30.528732545009134,49.70539008658378,MEDIUM
8.916009261688007,1.6699529888722753,32.19117969482562,41.63534109287672,LOW
103.06555148416699,53.8392101252187,31.84934542232177,40.65446292827467,MEDIUM
41.42924433390765,131.8141412546255,39.62779261187517,78.18528408117913,MEDIUM
171.7669671143948,24.95416462648164,32.389366592498725,58.682979867599656,MEDIUM
139.29033591177094,1.4318162918441513,31.22095719287414,63.80930105763982,MEDIUM
115.85567191959389,122.1430673296663,34.95923028382592,42.77853837356978,HIGH
26.99738933337723,4.164007719647822,28.209004811540503,82.81887045196494,LOW
185.48220037268172,64.51569472984639,34.82278068653328,81.61743728692375,MEDIUM
111.51193178915129,52.95828496604258,25.32288277445369,90.79900746986618,MEDIUM
28.746334236219752,1.821608276721881,23.905900628839124,48.66512513088652,LOW
6.540786434102541,38.499618784517345,29.410254799696155,43.81037534796153,LOW
102.91301995803197,60.08650720385335,20.756352659897342,67.74963314745261,MEDIUM
132.09194832383793,43.45559194477461,29.862808951551635,81.53097723825331,MEDIUM
43.102859078667954,56.987792466342746,20.7506593656162,70.07728915423266,LOW
64.81745202631797,75.22582012718136,26.909029709469586,80.58586508572964,MEDIUM
28.268465023973445,68.11816550965165,28.917940194035033,59.505127749641396,LOW
0.5539261114694938,116.61187405345252,28.2984502761923,91.03770166521073,MEDIUM
5.4275307366628445,56.2748248426098,25.941774837830792,58.51547602644032,LOW
141.9142037219814,75.91053511324478,23.036050692692708,84.48423756521206,MEDIUM
137.85372827611582,142.08414822426118,28.19652182152284,81.01208716462372,HIGH
102.1906380562023,52.66300680473409,30.889695287172362,94.74286678026536,MEDIUM
117.4436616584122,85.94666460246603,32.523489366196216,81.335019821707,MEDIUM
49.88995078733927,38.234158196906904,30.43287681430874,85.44156677465242,LOW
111.74882360912267,39.46613160433665,26.6944415856076,87.16478676096403,MEDIUM
53.79463640906468,67.18345566795833,34.73745428546984,57.47010258473883,MEDIUM
26.612068472591986,78.83182133982771,29.66522750999343,84.71022189520058,LOW
117.0716892844394,23.057617822534986,26.44042756252618,57.12572519843181,MEDIUM
186.15307497190986,29.8790554483667,33.99697756628383,88.5682048774949,MEDIUM
95.0658846243511,69.21931732535117,31.587712437054282,53.02842442411788,MEDIUM
128.93587786759295,110.41270143502115,23.944657846183134,97.62413981075427,HIGH
103.43410207687916,44.97901606615649,31.218335498628434,94.3587702422412,MEDIUM
88.4785392039534,64.71680604756139,20.462999460981777,85.01643199771158,MEDIUM
11.577461674655387,7.861361817749768,23.98558024708397,89.8028550391904,LOW
81.55246617362997,115.08636041284782,26.320491664981596,75.42423801450278,MEDIUM
95.40471020658634,99.57760421314921,27.917070121411655,93.17775649986386,MEDIUM
16.349769861853723,25.513453532867803,20.5254430057402,40.60664822614068,LOW
100.73261120915214,42.003934684022504,37.00353124809526,75.32628788253676,MEDIUM
191.9115445428591,48.52179386158966,37.68624510722785,87.07079875192022,MEDIUM
159.6669037199641,37.39059316390163,38.164240292916276,62.64206054746724,MEDIUM
135.9160684231294,72.60716568891861,24.794220901928945,40.84230999396176,MEDIUM
40.44111236289098,143.38570302708143,22.356399315722236,94.35048174845315,MEDIUM
188.64803521701828,22.213743331448697,29.254162142084603,60.54563041894676,MEDIUM
1.2393502367233244,20.3317864752386,28.560872749189897,84.94367404330463,LOW
112.1317291010612,116.39740369549723,36.547919447514936,78.89659004956235,HIGH
146.39014494180375,89.94947429759347,39.71291562749218,87.57704343948527,MEDIUM
156.76741845386758,140.03884466171388,22.07754534333678,50.915703063765775,HIGH
106.37508059957055,101.2084624206648,31.14798794142173,63.468347761178705,HIGH
2.4114472955592436,21.139834839142264,32.18850530951772,92.18962326302989,LOW
76.91339841756594,22.015749742267726,21.59159622275034,78.9544487011632,LOW
91.53375604723504,97.26422286467442,28.281961854478144,43.30307727596295,MEDIUM
194.60943450212355,130.46561814776874,24.372297322276065,96.13436192742273,HIGH
91.48036143369274,75.39613188327272,36.5611808691053,72.62121467538526,MEDIUM
39.36016063165584,110.44055656068966,24.206686028489983,78.53781428621036,MEDIUM
149.8552089648092,23.520033862172724,23.770150227534256,63.63447789338795,MEDIUM
170.69603928101864,26.16068184828565,37.45953172735821,71.4886191446192,MEDIUM
24.921520515932727,14.62102747227943,28.55558145332511,65.35667093073903,LOW
56.870313113304995,96.49495111744473,29.12079721499154,93.25203090384306,MEDIUM
84.53508348589207,45.433310662680846,30.32993156322985,82.71401417050666,LOW
163.38907421043803,18.495194747209936,26.573157761930005,55.14956897027271,MEDIUM
118.10164448477134,131.98871240771857,23.69660269780357,53.300184111173486,HIGH
162.01115828509077,139.4572628016661,27.00056643072498,66.3354858146657,HIGH
52.85099161438187,98.65282880153926,28.68593468184013,68.16860651312004,MEDIUM
193.78218930219174,126.31321926161553,35.68951317211385,42.049612008409206,HIGH
197.1955769840703,108.16258433068701,20.79379046093159,82.92572374900426,HIGH
2.5467516681680236,38.241089281432224,27.80076332281936,42.30509764500337,LOW
139.89552023252767,36.40296096946592,37.22002687929132,41.26012823596753,MEDIUM
9.709013882770012,120.62839172211284,35.65679638735929,91.73313951282464,MEDIUM
187.21886344341317,126.46484831807216,39.19563531190229,75.02378556036045,HIGH
82.37341069529025,106.56547599439602,37.82887300750379,78.31517670984613,MEDIUM
11.31592303897535,45.23447224613444,25.675431455887328,40.2675561464438,LOW
88.14811519264052,112.28465052844959,25.417885564601256,65.70211260217474,MEDIUM
30.323112446484537,68.41864558165243,36.17063755275391,86.02847228884522,LOW
23.070131682538396,83.00878530952357,30.13549765531234,65.0124497401434,LOW
142.20514743821406,41.39743584458982,20.085857010317035,84.51836089941165,MEDIUM
195.40904485685905,40.20734901312843,27.043433846635125,67.00389012936849,MEDIUM
109.6604179007528,31.336535644691587,31.29010003950129,62.701627012105064,MEDIUM
172.19759644825658,90.76800876868806,24.749586488686866,54.79187876544778,MEDIUM
63.762787679688145,40.958434969165125,30.30089713504296,40.771881201120564,LOW
175.6618599200117,3.4433260501895213,35.28761574638562,48.02468431113165,MEDIUM
176.3583559048505,4.455005286810748,30.924744522396985,95.67314020406036,MEDIUM
100.4180901121774,97.52026951213718,29.30109650435063,72.90240873121806,MEDIUM
179.79227032466915,127.94650524263045,39.119501915892386,70.0023863182052,HIGH
0.26501140301806725,91.35058786752471,39.48136235144388,82.63325504822382,LOW
2.79107664554461,105.18492561836175,36.23323913645703,59.793931263139086,MEDIUM
96.79369211419449,67.7563931867479,24.32230349810294,54.69192514578526,MEDIUM
71.94701026356543,19.492106000036912,32.936306356947384,87.11809568394446,LOW
22.926287783327524,0.8198746214843733,38.01074027727409,48.261730216084935,LOW
27.01003499043719,117.90095239640041,24.940064639224012,89.11729565277946,MEDIUM
191.52592392551125,74.58768261482706,32.18216790543036,73.65935778213225,MEDIUM
171.1987055613495,118.11913763710031,29.22299505446289,41.98154586441363,HIGH
120.75542401531112,92.10977339916487,37.6447683130657,79.25765602102243,MEDIUM
60.70161961534419,36.5358497532379,26.520898422169502,77.53273802572953,LOW
116.14741994757149,145.1178001415664,22.2403542302476,82.610029947188,HIGH
69.28942922551671,57.593368430932415,38.56277599754913,62.62611924160409,LOW
2.3674439444693274,147.2779095247536,37.533150105007905,58.70456303336666,MEDIUM
26.479993254954515,111.5760261406341,35.106934377618224,81.85286830818549,MEDIUM
87.01671072772498,101.27377971066312,31.222392008389214,96.21099480667812,HIGH
129.86466781248063,104.17081272882457,31.375146893864716,99.30770919006387,HIGH
133.6863099269734,144.38792359384988,24.23778995716104,40.36051997881721,HIGH
114.04059898667036,66.67917464395308,37.46383038161106,96.22947990532305,HIGH
137.8789918999749,101.2838300780635,28.278638976204412,45.48247992305146,HIGH
93.23117731480941,47.09317584922083,21.72111167285182,44.740489302422,LOW
30.638081169342524,138.16470289031932,34.396321229617435,66.37007382109064,MEDIUM
59.48063692627199,105.64767613493154,26.599480114371005,97.37801147773672,HIGH
111.8989139591042,98.84609412267869,36.37885885365103,95.3865762917419,HIGH
110.76864777369444,112.7912758252216,33.88233013762364,46.697968077780715,HIGH
106.22702668812852,105.10599061016539,31.815001080886013,81.20228521479672,HIGH
180.77733413635468,41.27525840335771,21.292400434967927,79.05547370842119,MEDIUM
97.65696124195846,32.286488083357696,35.154292971864095,67.6460850437056,LOW
111.27495404791512,54.943949913945886,31.24966553881093,89.01927764449611,MEDIUM
144.87433766518475,132.46249926610412,28.221620564325473,79.36754594484131,HIGH
135.70552394687724,12.450657716178348,27.508654204401026,49.57899218562781,MEDIUM
80.8181127641436,136.26905515034014,30.35652349263721,78.56133673538137,MEDIUM
191.32141921863212,56.69214618241211,31.935258931382947,45.814449458056,MEDIUM
72.73256492008232,28.50911495094215,31.029452495666483,50.44370667210404,LOW
194.61950801483954,86.05595350004742,38.79752022122852,41.00120088818707,MEDIUM
21.152405861858803,132.29259969964122,31.8461372133104,82.91831015454521,MEDIUM
185.48922803146084,130.14766438033746,29.411000343881746,92.59280024093553,HIGH
61.517823513273996,23.758883830572366,33.92928708387811,54.16601917398104,LOW
139.75663001953106,97.02226558118326,33.48663525017379,86.73992489723682,MEDIUM
163.381968605429,99.70089025826533,32.346057868377756,99.72170243406248,HIGH
77.82615072572203,103.61124272505971,31.56634170957212,73.22584087832303,MEDIUM
117.0122983045303,17.085471729945123,31.2345833621151,74.2634887073244,MEDIUM
14.649288321552367,36.4325007601444,32.96887214331318,66.11842647112886,LOW
14.421978050807805,11.597113048482644,21.443465163536576,76.41960016547124,LOW
86.07400994306391,104.3381829438013,30.694812678188732,72.5957195816011,MEDIUM
36.94066789783965,67.44567457938675,21.693571057641016,87.04265987674441,LOW
136.8677897358863,88.92914445241315,20.97351469191755,74.84809087881541,MEDIUM
27.550113005342602,49.51001980817787,27.308394396269374,73.22742900224104,LOW
182.38601005178162,1.2259178593569342,30.769664560080308,61.07512676061202,MEDIUM
96.08202293343089,99.9777494184233,21.94419659656195,65.09768903769694,MEDIUM
116.38756028763308,119.07642318995505,21.59050801474152,45.703080874496685,HIGH
85.61294862021722,149.75346389314458,31.63407785877055,43.250577133455444,MEDIUM
13.007707803508485,50.02522267323792,23.48053675604348,68.59541470616895,LOW
192.55975749812194,11.579443040807275,35.85272936893131,45.02582780412404,MEDIUM
186.84934020249702,113.63166493581608,37.41853793983245,79.45705903619086,HIGH
176.2911937656572,66.48421900585203,33.6047221996326,93.61795959148114,HIGH
137.01367700445545,45.41201748843038,20.82878057584927,46.647652748761374,MEDIUM
43.21992756370978,76.50806934254058,30.316299139289164,51.93310653539177,LOW
159.65640348210343,78.80078974571909,38.31867709193294,81.19830719747546,MEDIUM
150.40264837421424,76.92857537836068,27.84953002073454,54.655986794874934,MEDIUM
9.721552031355674,67.44603487857947,32.79663847173749,77.25735717922639,LOW
101.52757889931026,84.77908463367739,20.038903769884403,63.649220048571294,MEDIUM
34.611342430040736,18.605218961789415,30.33570738780476,79.4646672508232,LOW
71.70442476917857,20.66669514096319,28.78543983519851,49.41218485291669,LOW
23.046753422804578,19.418230913247903,32.03460399171132,96.90150299352803,LOW
66.94639650371327,106.27704324176779,27.06925412896883,83.53716516567218,MEDIUM
162.12931458983252,86.30896026349336,22.82072665540372,72.14408598840103,MEDIUM
122.307349729964,104.35001922551707,30.05822919524265,98.23327870570608,HIGH
167.30863347564394,48.51651967262692,30.209093756766475,96.40364885620471,MEDIUM
190.4187813436641,142.34251653256098,20.662041279416904,45.440933654489385,HIGH
185.72549117304422,91.34569181852156,27.703638369479066,84.80536374433785,MEDIUM
70.78578321088006,51.36856467701879,39.44694514551749,42.25592621675947,LOW
69.65739809456461,39.342170198684954,30.03018617761203,90.51889997352163,MEDIUM
105.18793163625683,126.73782410864662,23.92827201494612,53.062380104540274,HIGH
155.4132565539818,23.441148455511858,26.706358501782507,82.76908857537569,MEDIUM
102.47507787889027,40.77999821289677,22.153295784833386,77.5847061528391,MEDIUM
193.81557952749196,146.98658611787852,35.22860210556712,89.22512253243505,HIGH
17.807141287106344,36.78752648155115,33.179212933322525,51.10541916209987,LOW
58.35214339452355,136.11342773939006,35.35305847474024,57.36887427621212,MEDIUM
145.89484436381431,133.7823977080795,37.597770273029525,53.59042819709389,HIGH
199.38280286541158,102.84631531101044,23.809327435194074,46.79478415269881,HIGH
101.04079344142822,32.603406119697695,39.295191018060706,71.82197079072576,MEDIUM
89.89634171891254,147.79173997820413,26.930724707950795,90.8871649136341,HIGH
18.79446122159354,23.487212039922646,24.732979096989148,63.293159770953,LOW
43.75793631889253,84.46019630966401,24.09486151974488,50.85349496356922,LOW
50.148800416973586,104.4864542283273,39.31648145923417,87.4822272348679,MEDIUM
110.05240255514867,30.426544631491975,24.83003947900143,75.50331335687456,MEDIUM
160.88480044693375,95.96590004728992,22.354955205739483,63.819999762592545,MEDIUM
58.52106753640109,61.400508070498574,28.180531039912598,94.89107487385809,MEDIUM
74.01834381579502,31.849215989782927,21.846162525370588,51.76986727478388,LOW
60.0654705326279,145.50444180855897,33.27623416883897,89.37128254493456,MEDIUM
124.63461352036182,125.55079474323549,34.695151018531675,78.39183717987723,HIGH
128.40240767963274,144.31740344417878,36.000174583787484,63.768848555837764,HIGH
80.48601187494167,2.613878286917659,21.53201428648026,44.09385593573884,LOW
12.086656799095374,35.546635873852225,22.21077270175344,52.08469059795817,LOW
28.12391579534399,146.2721269803635,30.804093221154623,82.71915140566358,MEDIUM
48.47609914546369,50.04907725001441,36.88749619261787,63.80200317294265,LOW
76.85284718469745,72.35968398050072,25.8127151139915,75.57388401246484,MEDIUM
38.06305477010865,46.2972130284611,33.50774073008964,61.61268681174846,LOW
188.78890162532414,68.29934095073388,33.531996082600266,81.6394864397198,MEDIUM
130.9797783248671,32.596774879967754,28.60308496670156,81.59206162811412,MEDIUM
48.88729300959091,48.16305623146891,38.91746538298749,59.63631885746976,LOW
108.75187484871702,118.01906223766194,29.97903692118922,77.78415101535904,HIGH
112.68519451555062,15.65705429972397,27.91859143519073,78.54076987129642,MEDIUM
69.21636132460954,124.9591783666535,20.451182379181375,56.12180377803483,MEDIUM
161.94409419721828,41.7106673053024,34.382877339892545,79.04466996121278,MEDIUM
30.202033012373274,124.50569259929044,37.923447513043314,68.51909981032193,MEDIUM
126.41366139432459,84.82439615221674,25.072854788897022,83.12414740578315,MEDIUM
103.82519331660171,94.36626107672713,29.22043864605602,58.947550001154546,MEDIUM
153.48101638757598,108.88791666581933,30.63392373917886,63.75343369814044,HIGH
129.3531783432609,104.66101771632476,30.872280820196416,89.27308244423892,HIGH
126.39011111922669,133.82436355708697,28.524774840080525,93.42641445895951,HIGH
123.289089138888,67.98773655336223,31.45787982266588,63.72648460802516,MEDIUM
158.74606085815665,96.74832174827502,27.328739497600047,49.03762580228272,MEDIUM
55.48391825460075,41.13975073814727,35.033195676798904,46.4845766849846,LOW
7.384976214412964,58.98801167062497,38.22206281808548,44.324607810291184,LOW
17.57640944355434,45.23002996402261,38.36105912537544,99.72369844538454,LOW
127.67937144005661,104.71812533587476,26.105441030432257,91.45709563929368,HIGH
165.42186026809566,46.16699039577406,30.900092403983844,74.31446192674608,MEDIUM
30.951844025756237,115.78108603529519,22.63371498495235,96.7370946478885,MEDIUM
90.31843648041158,69.19119871660163,32.48865139952663,83.26406562957627,MEDIUM
111.55987146542283,4.686324302603362,20.72609560961182,65.6711290193507,MEDIUM
129.76579878069063,95.52548924040715,21.452532505158096,87.48039107703661,MEDIUM
91.08469871234006,113.88019221691634,22.128578867108256,98.52258169369136,HIGH
75.04763656716055,71.15861304002767,29.977757351275493,52.03724706455489,MEDIUM
60.23769428197134,53.34092066500563,37.19876838085996,51.03333508270212,LOW
113.11032036596534,8.53335498800199,35.79125179224636,67.84993530105777,MEDIUM
75.72448509338213,111.53116049426615,34.75284153495497,71.60220748748475,MEDIUM
131.67867868090116,142.47881109313514,23.358332976047176,47.7602030371266,HIGH
116.86896012860579,7.971421217935825,33.74518706436041,97.75799730544728,MEDIUM
100.75853705143922,40.63697726422634,24.082297481179758,80.2804913375713,MEDIUM
181.06582952189385,149.45249233042222,21.28227669811959,85.52286239730067,HIGH
116.18097066789095,94.6181863042623,33.202216026433874,56.20623726792937,MEDIUM
183.76574554238434,49.072975833424984,35.462929164705876,45.851550752513894,MEDIUM
27.259276018008016,53.42695243906097,39.50873451369175,42.18553925757195,LOW
18.1000639908669,120.59953924882123,30.133983498307067,85.09089529540336,MEDIUM
100.41423255505741,35.46902438641609,35.53537940291123,73.88977664799407,MEDIUM
158.51356293056227,96.70154950225634,21.769274924067155,83.71030778623246,MEDIUM
149.05152033658112,36.94213575762337,21.441927409755635,81.76513290019375,MEDIUM
50.5002281373663,137.26680804848857,39.151910329702424,83.30033294915629,MEDIUM
111.93588099984322,109.16931065197628,21.33083063885039,42.206297814811165,HIGH
18.92551860137026,72.71137728080555,37.62683249692423,66.31265608602952,LOW
172.005622360681,47.65450748536744,29.01707990503896,43.526662071291035,MEDIUM
30.637421075249073,122.07837471702018,25.42226244924467,98.36780402874427,MEDIUM
119.01308185025752,121.22614165762309,30.42197731462258,88.78167767506842,HIGH
97.84836760629187,78.07624646439983,22.005663049037096,92.69310350402897,MEDIUM
83.38491939910662,31.06261575772966,27.67288416446029,57.120084545772585,LOW
161.41624359762642,7.258991774391865,28.372689668531656,48.82258099837932,MEDIUM
131.5284992131834,56.027176602139114,38.83412960466909,94.66528581164917,MEDIUM
110.24639466990624,120.86670916854261,37.526405355928205,63.351077664930145,HIGH
143.01598124939886,129.93262342768574,27.815197401639168,92.8818305913951,HIGH
117.4572669651796,76.26258082607666,30.553650654218245,65.23498376330323,MEDIUM
12.441767107984369,72.01449965130344,34.074781942520474,69.7224210820108,LOW
10.719495925231183,80.35229901062347,30.57366264730208,48.20742730385437,LOW
156.59412159187568,107.98457871392512,31.945378126934777,42.00100043933325,HIGH
86.96908187698604,7.321750201006733,39.52023618522381,61.60593448038054,LOW
136.7207689028193,122.80949910749408,33.39753220952847,49.951287773305566,HIGH
113.9127348235942,55.84473087419427,35.08054178378041,60.07099008071908,MEDIUM
4.427213852641865,22.94690638031828,39.752044435209534,73.79862695229673,LOW
131.51506389739643,123.83134625240427,30.690960564918534,72.28819778539375,HIGH
161.36801378711587,56.4183115062247,20.163127025936575,92.59945906921875,MEDIUM
89.08258319885178,89.5119915849635,25.311006649649805,72.71611642538383,MEDIUM
52.87804373643936,139.48266915977473,36.70667764994715,94.34084428951367,HIGH
29.030942974447616,139.007258148435,28.276145685461756,47.08192655706628,MEDIUM
109.91842637457093,15.89725084506443,37.634974692125176,90.2221171107834,MEDIUM
32.76673228444176,100.06575447630267,27.401925249450898,49.4724753449373,MEDIUM
106.37966893105988,6.0565984294204736,29.813214730183123,48.342079315825785,MEDIUM
1.7021418714043168,33.48864198120639,24.53974036912697,99.47208758630501,LOW
2.0403049521636074,49.91478184838218,34.199318786912016,99.27643349431722,LOW
60.17070147635326,99.11686340059069,27.91518227219619,79.30915623367315,MEDIUM
137.713488389788,11.184443100990627,36.27862896909305,65.28601621993951,MEDIUM
141.34235145260925,139.2292799693343,26.748933770487753,75.75480577434816,HIGH
45.4259212816724,120.4727976988495,27.01880295394484,87.84073012086695,MEDIUM
148.36729423541547,96.75484570116654,21.09167696313947,40.005201817602995,MEDIUM
117.90283739901604,54.88931088420624,38.29763131993566,44.77594343019835,MEDIUM
85.2432468291626,138.9821480573108,32.71951756833429,77.53463660616283,MEDIUM
82.1446482780285,3.998806560522933,22.690443117024145,94.4264195079129,LOW
101.70710820102154,124.64767049833348,37.9372882058943,87.08978308262608,HIGH
121.08233529182664,51.26522756936156,25.699074196018504,94.84688046738094,MEDIUM
191.6650133645512,0.7203475983921737,33.302784045252494,75.20246957527006,MEDIUM
163.4722890634573,127.52194797790467,38.37758551621299,43.90458804310649,HIGH
24.640777833677706,87.74918378506241,38.60334723969443,91.68817248690323,MEDIUM
98.96471899459888,129.2811288851755,23.103996797559454,98.57877149896723,HIGH
138.8660613622651,105.52462841370057,28.228816307413638,76.20380880355606,HIGH
60.04045814269885,108.30451199262187,24.486460640765202,79.75120583389038,MEDIUM
134.48720414474937,85.96288918845113,29.47831622250437,79.77339115658584,MEDIUM
157.8682482011603,45.49665847871353,29.03890570029813,49.05446907958959,MEDIUM
120.3629629843739,24.867464336618294,35.64716179809437,42.35315763132946,MEDIUM
91.7623749093311,22.81003889635114,36.116770165646756,68.11091979697056,LOW
145.8563673647197,27.87665974378344,36.27622548077778,78.83869548744545,MEDIUM
8.950126992599161,99.32521383290295,26.252319513327922,96.43516445467849,LOW
95.1100064037069,28.288298834784655,33.59599810095783,96.4184227665418,LOW
172.74605760070776,29.10318238454578,27.67469891342986,88.01595883659064,MEDIUM
72.34242819579535,16.696089647637496,37.48960098024732,57.712757393463036,LOW
165.0960230439695,52.89423803326288,25.139833263436962,76.92685677542036,MEDIUM
166.70787243590007,38.21252308458748,28.89938768785904,72.70089609154385,MEDIUM
189.56171798978463,58.16264587587868,31.46930276569387,61.00943583937345,MEDIUM
26.074245064378545,121.19461625771044,31.327603007918263,79.29000915242241,MEDIUM
148.9657860655992,121.96831678853982,21.47040085305199,91.4477320053234,HIGH
153.29239597510386,53.31933447069091,25.532723479854646,63.67476282999356,MEDIUM
60.73908796993932,59.28625419672744,28.565537066489203,72.6793191658576,LOW
39.06681816813919,56.2605465535916,25.003654316750577,48.347597501468584,LOW
91.15698920078226,80.96603404538719,25.123378420745134,85.42667198662265,MEDIUM
77.28794883532886,11.496199185813849,34.217261757184694,42.44531173324474,LOW
178.21817463984172,127.24588436983358,39.05510713704355,86.13553069000272,HIGH
146.11585243454738,59.68704205404488,36.096609055745034,97.89954361261243,MEDIUM
182.04919684783098,4.433569724589237,32.30376500311162,59.245951071146735,MEDIUM
55.602271262485935,74.24966809224826,37.341008601095496,70.20131314250986,MEDIUM
187.720397977826,99.87593935243552,24.421130455061544,98.62208692919779,HIGH
119.75597962850257,113.70500266377451,30.15047431721156,59.47164140483969,HIGH
34.788625824328115,134.52438505791918,34.457210361444396,81.62247027881311,MEDIUM
66.81144066356413,112.87289675580993,28.117340386188104,99.01402763725669,HIGH
133.95522759781713,118.18780853896335,32.39741292369678,43.44469159262357,HIGH
139.34014246101418,7.087056257298485,26.49219918842015,54.70318017480297,MEDIUM
56.557844554510226,124.0362697566607,30.99611037153081,79.28937428928043,MEDIUM
41.14014757826774,87.6393870146165,32.592401940493815,67.87231928561178,LOW
96.84671088490701,118.38903137228634,29.690428766382333,90.55488182152476,HIGH
55.89962369088462,112.61650469622997,32.49191102853109,86.81406767641701,MEDIUM
72.76592784468406,20.778562678882352,28.646660661278563,50.15917506669579,LOW
136.58362860842584,120.10502490446781,22.640605941884967,66.31748411728165,HIGH
60.95641933735647,8.222966062697596,34.27429403460555,84.28743841598939,LOW
63.993386854598725,53.185980056634435,30.223377240642808,51.17691800689706,LOW
97.99331382082342,15.386585409965381,22.9970749031146,70.9544758996757,LOW
17.956512960729153,16.38124357054532,27.359806669614365,57.36750382756735,LOW
189.0344880211608,104.02998388756302,36.22424374247346,73.99480204027961,HIGH
36.81492858262665,92.39617606745739,32.250908870586656,57.79787166432085,LOW
101.91558941035778,42.123960893661085,24.337832755700703,71.14781869305048,MEDIUM
131.1307484382652,110.06626988409997,26.33547918611085,98.2403580346587,HIGH
88.71458078267594,8.919535601932099,35.086999363330904,58.201218072854104,LOW
196.4446210215078,52.91677169394112,24.99467447318647,74.71066258732007,MEDIUM
3.315222923684402,95.14564072014042,32.276640188246695,75.33997768951902,LOW
40.492320743144596,9.059438711859618,32.1794998323007,56.251851549254596,LOW
136.0403203622667,119.891299570812,38.3253141710991,54.36269584202253,HIGH
90.53341014798848,92.69627080381954,34.36377739014032,53.077379632976545,MEDIUM
180.66964068374952,26.25589752141293,20.409603194253073,82.68459725916559,MEDIUM
31.991826160313774,75.34977842051997,33.72862403974631,69.23722053137818,LOW
79.12733910642082,47.85227801404612,32.39687799880451,93.6307075525496,MEDIUM
152.64763136838667,56.06488346219075,28.573707185351157,88.29624796815642,MEDIUM
131.03471378584882,120.9173559992653,32.947266271451106,82.23744608756547,HIGH
21.773557902315854,110.9581833498764,39.46004897384245,51.810526202353174,MEDIUM
176.0405751269229,6.035004326088456,39.68132279834351,96.23721533984116,MEDIUM
169.947905092353,130.56120113297817,26.129028373181143,63.37094534300745,HIGH
37.49264519129745,143.59578306433346,22.805884264490587,58.572457394005426,MEDIUM
62.393544224060534,96.7344570744661,20.27926509160139,51.338282847771325,MEDIUM
48.83278104472157,70.66734443232377,30.54009331842913,47.126860906187254,LOW
66.5963720529501,1.3618440022533262,30.865128242453597,90.43266826120556,LOW
166.68840647229405,80.63106691178392,31.5519291673173,51.005423396293146,MEDIUM
116.17657299372222,24.243890781080747,36.648932886289614,44.56581429530271,MEDIUM
122.47984299897684,94.45349688414575,24.82402832769767,67.17527598606506,MEDIUM
128.32478427097791,27.04335565932175,22.202958951612597,93.09272127748295,MEDIUM
125.67513479409904,86.15026817666597,38.30109794469335,74.26203170089522,MEDIUM
141.4085270336334,136.29104840660068,32.69664350673814,81.16612909958977,HIGH
87.41149433867379,0.7327329539670191,23.54489481454872,66.79719216693327,LOW
52.13226444795922,7.16509077575071,33.429336591677504,50.997744375244544,LOW
159.54468054767153,69.96962875436601,23.028758471228908,61.32092243241618,MEDIUM
156.353953707916,118.64750841696821,37.70519386460987,40.17852214632126,HIGH
165.00125503975252,128.75095004672264,32.02628153321262,85.70206047985945,HIGH
119.0423377229649,32.677248635034886,29.5065949038402,52.59911810699124,MEDIUM
168.60261034484992,2.023679560783659,38.96612521272516,94.51486063936241,MEDIUM
198.56165633365814,122.46620742982982,29.509900927696194,62.99990629971545,HIGH
18.77699979318994,107.22035132467295,36.99295194740871,63.2002158314818,MEDIUM
84.09612972573555,88.3895575323401,34.31054882333562,51.63815495615653,MEDIUM
92.93809459750844,129.82688295861553,34.44670561997984,73.98664890254248,MEDIUM
48.54159359583225,8.831923871600722,22.923278789875138,51.602814511064466,LOW
191.76898751207122,0.6381324741971117,24.24735456078448,86.5653826367097,MEDIUM
0.8726987802513353,55.18966737402967,31.786543323249226,56.4396767387666,LOW
55.459891466316606,102.6586760444156,23.188371134063754,46.174527542826205,MEDIUM
68.30985514026844,65.38095615985306,33.67771931696379,76.17952580867075,MEDIUM
163.5593765479302,128.53448663246922,35.29308390970506,45.14082369601553,HIGH
113.06912728313053,12.349001623958166,27.935273947023497,97.50208900235218,MEDIUM
59.53357205208876,142.6676194200514,27.813488391227622,56.53849957066503,MEDIUM
128.65833642571894,138.2608537148726,35.95246249681616,70.88659453320355,HIGH
128.49771197137818,100.28569971703983,36.17361567629553,62.358120548921974,HIGH
19.107158349490085,71.41917147531946,27.444350454278492,83.14652405001684,LOW
69.34777741493279,0.8732776851701152,37.05399174777148,72.83616763979302,LOW
86.16401717804865,6.290783270882078,29.916774422446665,92.95597628826263,LOW
47.602419845356,31.283853401459588,22.603006991907595,75.63521637571071,LOW
28.30045083220094,63.94419962687882,38.3506178205379,75.49960742639864,LOW
154.5024382547102,75.27812838487448,29.879417541968643,65.65541987592475,MEDIUM
60.98571727144153,65.48856396139924,33.406001461876606,71.03221512576171,MEDIUM
151.04403863967082,98.81277849292661,36.578806684485244,61.184947142396716,MEDIUM
130.40285030753788,50.315169026310684,29.609406663359813,51.99497229205262,MEDIUM
92.81539679253402,66.90981631410324,20.436918709347523,83.26501472381631,MEDIUM
53.275482428003215,125.87071698372776,32.813087994327766,85.77103625045912,MEDIUM
136.4273439594674,0.2378979085880195,26.43279624264248,42.371296745426314,MEDIUM
174.4011750322603,77.51770461647705,26.052876251959937,76.93630018651105,MEDIUM
18.5427537591222,25.70492227588932,26.59285225897528,62.914890154135605,LOW
18.255838952532955,126.80735471270833,29.907934425905225,44.15108553138985,MEDIUM
100.87009102969088,39.92323589013956,24.177773779147515,77.05183648568345,MEDIUM
80.61062607691281,13.70868842672197,34.65196204737072,52.096299363688004,LOW
3.5342287273677053,70.11573549454344,36.1399993454126,44.844497743416326,LOW
121.70480166947286,64.6228081545544,21.714734819587363,45.392866093951326,MEDIUM
113.01014924262705,43.55128812652311,29.869447936053213,94.32021853356393,MEDIUM
92.44784255461356,79.79485761471139,23.85879335149979,60.028029442037905,MEDIUM
188.89309690693113,59.20463564199929,34.60023111178332,94.44397835200073,MEDIUM
159.8830764085421,8.839041349907534,34.06646614893447,72.01681677901747,MEDIUM
132.14640440061564,28.962029295960296,23.831580523077324,74.65574793143938,MEDIUM
170.58047643561915,119.67233666310031,23.1018043025364,47.61425433979595,HIGH
138.8754760005949,147.21731866238935,37.31719474432265,82.03342428052372,HIGH
163.14630901502645,63.117501713797296,37.02466568482259,65.79939646060558,MEDIUM
154.8385825196429,137.14339874123706,25.683136194399154,70.00802967057618,HIGH
53.34881653486272,81.13119965252622,31.663860517559563,54.96816244757856,MEDIUM
65.055717425844,27.489883320481255,24.39373509873475,92.8490452618049,LOW
97.81364753395042,131.6378508647519,30.775684912423706,96.18152882504413,HIGH
180.14405253138244,81.2136555990437,35.679013122858095,78.63942575922185,MEDIUM
136.5587740603149,55.16127504203166,39.084752913226,52.30433022548156,MEDIUM
93.2341664114681,30.36069934584214,36.78564300644898,73.49958562498063,LOW
24.970183372500166,82.13494858481218,20.514675858076686,72.32943235665492,LOW
77.72817283353595,67.13211136770376,38.193153441642316,85.23130251968803,MEDIUM
190.7547661753945,147.27458657839668,20.669350401368515,62.06587138825947,HIGH
105.3454679410546,6.602762403937668,38.45862491916306,96.20455140415112,MEDIUM
155.22353644823124,74.15028869805302,33.20816808275306,48.64863526690523,MEDIUM
163.42459426929997,76.95339800348215,28.721834341811217,51.83369839726461,MEDIUM
197.32602786756954,119.83223191189005,37.461514082936965,64.97565820527377,HIGH
132.4445829451372,28.503153451965396,29.452908628744417,51.861954532816085,MEDIUM
93.88140391182147,117.46602697806206,36.83030462486151,63.778393550259906,MEDIUM
26.439907726830782,83.32292022385334,39.16932490360939,66.2121824879263,LOW
199.9474249216524,44.48295250411996,22.422085734389608,41.375181866319856,MEDIUM
3.4444663563502065,74.98907874761235,28.885435388033557,69.55574072858012,LOW
145.2277620026056,130.73189760295492,21.72045723682034,68.18367725342252,HIGH
175.0378588296178,146.3688034415536,24.692446624478173,74.46162985688238,HIGH
137.921879132593,119.56271400901863,39.990792286683764,81.97380283572093,HIGH
141.02210367167714,84.91759794410719,20.027380248598874,69.59181192841015,MEDIUM
107.9437769679928,127.34748427860808,28.84479817733668,42.21554480248605,HIGH
62.82105691212152,44.84951601532832,32.246951124015624,54.5078090393272,LOW
119.65633165059121,78.4079315055811,20.377619108619296,74.52189140606873,MEDIUM
169.28408443537313,63.5940010852248,25.780942287135876,50.963366431455626,MEDIUM
96.66545237122779,88.99255547055549,30.456155316312444,56.597091143114774,MEDIUM
124.56524528024502,69.97597082664319,20.79739446220948,78.645332918369,MEDIUM
53.04988274814315,88.0913241451422,30.171967289718786,81.24256797703227,MEDIUM
161.74871838468613,4.186381433835729,29.421252885859474,40.8876216729089,MEDIUM
64.79056277192663,64.9537151537214,22.55579638481757,76.97086375323266,MEDIUM
73.53507968950024,149.98776381124776,37.60171153821841,61.56417674675624,MEDIUM
48.98004710508237,70.05543933715407,37.153036091317645,82.4413429122198,LOW
44.250483046398024,30.590681099291427,38.60116616146692,41.25916728895658,LOW
87.42460580848628,38.06477666764576,21.663218073868165,44.939422895718465,LOW
9.78461182706396,27.85282088924399,37.74484241708087,51.623210713183546,LOW
128.46892350619842,4.354163575292641,22.505908965173195,78.8163299334677,MEDIUM
168.85710050529522,67.77275374470071,39.39808227558946,68.8650055205443,MEDIUM
158.84755256594875,96.40516392433436,28.29721915833659,96.59872096974964,HIGH
79.31466287389712,146.71996300645935,24.807718258075347,40.2470282033021,MEDIUM
87.51708828215689,84.75376417199641,35.746519780861796,54.31924614674378,MEDIUM
189.86944638800503,132.93124857060678,29.445362900011258,84.53979539483402,HIGH
21.31224625450323,26.629456469734553,24.751809460443482,83.20631777811522,LOW
169.3896040285561,47.48280152190424,24.35825837003207,49.03715894834619,MEDIUM
169.35076269841315,14.880351353890243,26.17381525690042,60.90337437986939,MEDIUM
135.00666513869035,60.04488170204755,26.583075754353906,62.71989602407426,MEDIUM
46.41903190540302,56.37582161047997,34.12641153135295,64.25397919026979,LOW
62.38981264824599,38.69536065404733,35.07951099271726,73.16404333173456,LOW
26.987273698413894,141.80484916751786,33.94779396617884,81.01703239594906,MEDIUM
187.3476000827331,46.795443065784305,22.17959163288533,67.28979942653463,MEDIUM
115.55649563273818,53.35712327685554,24.826500960066177,72.15433711154876,MEDIUM
74.547452689987,99.81960719130471,20.031804771440765,72.34003203738307,MEDIUM
61.20611125878217,66.17043700056004,37.44049141153296,48.89608009697797,MEDIUM
127.44460484130325,82.11274080458296,20.987064793121643,83.183231146894,MEDIUM
172.86004689677176,32.34320962999598,38.33982176443487,82.73397437093904,MEDIUM
6.149487010331622,39.633587045372835,27.05603956007575,48.36240711769614,LOW
54.234316357865396,16.9079885365703,31.473361775503047,76.86961168948807,LOW
65.55886318546702,1.978767908981105,33.4035105666886,62.758289080033734,LOW
28.766452327007453,148.6921321031549,39.94152591104259,46.83203956852614,MEDIUM
184.83593924378135,103.20211603720657,37.579090175376905,85.32646278192374,HIGH
51.14391462211605,146.16792937765894,39.01517764549469,74.92982566613118,MEDIUM
183.99485232518268,70.4246284785035,30.28933961843372,86.54804418362437,MEDIUM
138.88990476643443,49.28243610816756,28.722071911157297,97.41165924569316,MEDIUM
35.71609347169116,87.33357281953514,33.28191958693459,62.60558633626779,LOW
195.80391565673682,96.61685880364352,38.04359308638622,77.55781536530698,MEDIUM
85.18116341265791,117.99944364152527,28.754622837912,62.613070189814664,MEDIUM
43.96102518525164,5.8585856078035565,30.423227479284158,54.34068928815493,LOW
92.26470514726095,118.9298209092536,22.50076177972086,51.08833212680831,MEDIUM
88.13708952892804,137.18646232770305,29.269237283570288,87.68452418346088,MEDIUM
29.07078202215594,80.50116206202357,39.5539091141365,90.36434464254077,MEDIUM
161.49468812251297,111.50965041553263,22.63706888728433,97.77372409418622,HIGH
60.25380373737119,90.83854730949109,39.827010870120034,79.07599786308111,MEDIUM
101.37322425059017,139.02531200935925,38.887973885712626,89.4119073095344,HIGH
92.49858344487592,34.31892495132644,26.487326446190174,95.58641860660826,MEDIUM
86.97922578006188,1.703927723711185,30.27972008247883,76.86458508615169,LOW
96.63142808367866,30.385422538793637,22.970029231301176,50.7142947259414,LOW
61.549768068708374,147.2148940784095,22.121805160154185,84.65667305598129,MEDIUM
149.22029150681217,38.757711605764506,30.220031622975544,73.17960657099925,MEDIUM
133.46955953944192,123.31324077389698,38.969770285840035,40.80527105391047,HIGH
39.91408285097104,92.97904551732634,26.239924227396685,49.90420286616495,LOW
89.5054454094955,136.158126746816,32.86896448292175,70.0579410131276,MEDIUM
196.69085347604562,51.7072216645311,27.075969023197537,46.790312887536835,MEDIUM
97.33660138076077,141.38665643846917,30.411712318722174,71.51548808552047,MEDIUM
146.04763739115435,67.05791785863677,31.256558830146375,55.70046215435212,MEDIUM
144.49451354869552,98.12214402163697,32.83564398630873,77.54010549428497,MEDIUM
143.45711152864732,28.630550037238482,27.263016204385245,69.7883554773843,MEDIUM
73.42766058224643,99.14202545680408,27.793426634836685,41.375695012513994,MEDIUM
18.181417795512857,33.7431868180294,30.745309141076042,74.94992819654959,LOW
118.35949151531968,5.380943898155676,32.85257017870198,54.77496191179329,MEDIUM
36.85355066941858,30.074871203070998,24.3693826500077,92.91938845957193,LOW
10.060071915827518,61.52364842248786,29.429002920764948,97.28224221058852,LOW
169.267336157645,13.928090997464349,36.398926543833156,92.9893484475378,MEDIUM
74.51635304650213,144.18298899613916,39.844081985199324,86.50366549045137,MEDIUM
120.16763176910143,112.19637196057737,39.316853554066945,46.803839110366795,HIGH
60.95214101108451,106.58577231575241,26.04195257759273,43.519882162713806,MEDIUM
87.71469506426057,124.25733471155878,32.001020880705255,90.10589662522683,HIGH
178.58171701547155,121.16543720357568,37.366230908521665,69.06272333414543,HIGH
186.32977244891777,43.63820026519637,20.043296958354205,85.4107960003376,MEDIUM
162.92088264072564,47.52290911017273,35.60692985452823,84.64754567387783,MEDIUM
131.8409976493308,114.2593203065611,20.21720554520078,88.21448330634101,HIGH
49.115592821596834,124.54309785461808,27.8714912059462,91.57176233549384,MEDIUM
17.378328762481843,43.72626090653418,23.596481968850597,67.29300271458744,LOW
62.28275885400445,57.791247866949334,24.83495961431855,43.265472745454616,LOW
172.13781746174425,73.4541684553947,32.95907828228525,59.157304237760286,MEDIUM
109.105360506643,126.70609799860685,34.912171402518446,57.436570653222816,HIGH
66.64426019859613,6.324203881399976,28.12260048235131,89.5798335006246,LOW
29.06867176395491,33.15603191376347,23.663677723517868,98.62798100040462,LOW
20.588110212299803,25.995526099464062,29.76740922143931,88.28396622163191,LOW
94.7880286017631,134.47039691077643,24.74885618038619,56.416291594344834,MEDIUM
116.98041331422313,8.512186407170724,22.49188838696757,57.719754405702105,MEDIUM
76.74255609675367,132.74410251648533,38.40740994792795,94.6814014903386,HIGH
94.64326826128178,131.8544109604453,27.494259915350035,89.7353985311282,MEDIUM
50.29174945595578,11.101837439213641,22.596685679913808,85.27269701274206,LOW
18.20064053214754,43.064781631661056,33.08939833086397,49.68117563534807,LOW
30.790040832368113,50.82205217248968,29.288037477032596,54.5723101471453,LOW
5.988789664086669,22.772388315794707,21.65209369766745,75.56454168539722,LOW
111.78524338659648,37.16055513191221,21.22355018912183,95.8280556337098,MEDIUM
47.61758645148297,15.415591685917295,36.002488607557716,94.14602725151207,LOW
7.301610376917389,17.868808441125694,32.08815907148808,95.15092987290062,LOW
25.388825724554252,28.514372505756373,39.18653299095884,50.15419828472185,LOW
41.80793578292392,116.80789849787577,23.626000672691294,84.00780318708519,MEDIUM
144.66791741620523,91.61691137210927,38.64645855431346,41.049217969403415,MEDIUM
48.39485030521848,105.22157685753245,29.494134740913196,96.53155226905196,MEDIUM
21.63475292828061,42.23771622633213,20.900127117324036,84.30435248845055,LOW
77.97330601195864,15.759074620342528,33.93010202629182,90.62961879890321,LOW
25.697536353772588,6.593448540242725,34.01428145057869,47.541698898462904,LOW
189.0957571442316,10.154964969776326,32.118247340965404,43.113245073226516,MEDIUM
101.10339663991417,55.43313083422055,31.407855321981053,87.12727152969764,MEDIUM
80.97527899277132,117.73240494175488,36.830679717400244,50.27583873954164,MEDIUM
157.66128031191442,79.049338735561,26.19162998596604,78.87103839703042,MEDIUM
98.3992093172677,41.147157988879876,38.7295203051605,52.768707851100146,LOW
163.06099153395164,73.44719248362527,30.65563883822645,99.3090633598531,HIGH
87.6454559113012,84.73685341100335,29.82102921134107,97.39052741946445,MEDIUM
121.14732646087383,127.05889007336606,22.49631211753,89.35262284813163,HIGH
175.46830298298067,79.95936879093806,38.708106509777565,95.09529833513758,HIGH
69.04045211175199,93.93650665052779,31.82902458458201,55.68185364633831,MEDIUM
123.86239978258247,84.94570055689778,31.703586681261783,49.14803925444052,MEDIUM
75.91964521073504,103.97180902358706,29.94669073169694,65.66406724121799,MEDIUM
136.00502846428634,76.36260672711259,33.018246013501766,84.91334708569764,MEDIUM
117.71535032115324,44.44270988925814,30.53231939074343,73.78480243155056,MEDIUM
108.52167295983482,9.869455250996822,35.203389959031426,78.7015210762479,MEDIUM
130.31789578209998,57.6488388997297,25.52481602810492,72.21497251639022,MEDIUM
67.34031052719118,146.34998160225598,31.623819811788486,73.22099768662744,MEDIUM
72.26030460730503,126.26679870081577,25.251065669375194,83.1573350743639,MEDIUM
50.80671874058456,113.77454274756072,33.031817333115825,63.77188758021944,MEDIUM
80.99575991889478,16.169374417873833,34.73101706055333,72.43213854353706,LOW
183.9516449854273,83.7610307597667,20.89542945714462,68.13758044167865,MEDIUM
94.24813844252526,16.721285921828944,35.81092703543225,45.88543103928532,LOW
72.83292277776208,65.96188101378259,34.08754560092291,52.31018360135401,MEDIUM
116.7219310079669,78.67145042770079,34.257111952360766,56.61771695604803,MEDIUM
90.24136661143196,139.5552289315258,31.32691642709148,87.27423908020558,MEDIUM
174.05522291204403,142.5290936347382,28.44791513842349,77.2258291496249,HIGH
96.82189261001572,25.227886587433503,39.651759324422194,51.12292267338626,LOW
86.71447084955928,112.21401848448515,33.55091443056099,45.02630618760663,MEDIUM
28.80515813229301,58.48093202938016,35.8429992880927,67.02381758901721,LOW
147.62582281388387,43.21255962702244,30.354657235550594,65.11530572901329,MEDIUM
31.095698320985733,27.58018042929763,30.299532417277227,91.37301571548277,LOW
75.75662124865727,117.55768828196518,34.16041160471528,92.4970760382555,HIGH
27.663436203845038,108.34049647504793,27.059444232380173,67.97291112505442,MEDIUM
56.59873067819543,60.1000137087403,21.547224516545988,99.06819333484543,MEDIUM
110.12312584470179,3.357280707008514,36.43925561949659,63.21497647318947,MEDIUM
195.80800471499717,65.5650990333412,22.99773312120535,70.49991993125433,MEDIUM
70.16403166407204,110.97122500427545,26.62402101709441,64.39365010119509,MEDIUM
129.97410576166007,96.97506541745425,28.245050265954376,91.1281187058683,HIGH
167.26748754518408,103.01274742954367,25.171637295803272,95.10371931257058,HIGH
167.66174398397212,70.04899530760935,37.385795501977356,92.75935072801548,HIGH
194.48412500181462,35.429477492017384,26.966558313006512,42.440256211247174,MEDIUM
69.4303983620963,56.970816447730044,26.15780779851587,48.91017694497587,LOW
19.619171867549866,82.91970067401262,36.21879865388439,74.40206514885008,LOW
17.6906745417297,96.76642953942,27.442441714639244,56.13773714278369,LOW
56.498440706571216,2.8027065685877925,39.78076919729495,63.5235447020167,LOW
193.79767086103868,93.0460696212694,30.557028298357608,81.42567943552672,MEDIUM
112.55914987810263,11.529663296374798,26.363373396840846,89.69502935760308,MEDIUM
69.98738239868591,3.3273228091192655,29.649063720079344,67.15348877532875,LOW
139.80295094511231,130.18992151744138,22.4619561330141,52.14653975902703,HIGH
90.8995293734109,21.305083881189447,26.95350416119726,69.69438443807168,LOW
156.61331553479718,90.49372113316211,37.472401546495185,50.434997612902265,MEDIUM
156.3633816213378,65.5869229741742,28.868608074535313,65.73055487418291,MEDIUM
124.21397567029253,2.6464082678522907,33.17476483546088,56.095699965851985,MEDIUM
166.59554172964283,45.35065695863118,38.04850892759727,77.76904906561498,MEDIUM
149.2092498797165,35.17425311592699,27.802008270863915,83.73602855128424,MEDIUM
98.20109028536805,64.14738085623397,36.479095307896344,61.865647033057485,MEDIUM
43.98095028369076,58.91579990840502,20.590775714515324,59.30937392816372,LOW
142.0900098490532,27.075256247125,36.85624667926556,96.83799851955288,MEDIUM
71.16075470532886,17.703124140587995,33.45730657064471,98.94294683997813,LOW
102.71024473003227,117.4196133899544,29.862521661027515,56.494137217035295,HIGH
133.54279505175097,62.833860722498386,25.62896137014822,40.9087514276457,MEDIUM
171.7291697660201,76.89601906117954,36.49065183482358,48.53753664559713,MEDIUM
48.37465486017272,133.71902687519028,34.63592755370347,98.27902080201255,MEDIUM
160.04049991225168,61.61004427961287,36.907521998009685,97.50016293202717,HIGH
7.211098783284076,133.520632796999,28.440741003426652,72.61311815953947,MEDIUM
175.66406847467695,63.52804670656448,21.707018675240626,68.77419571652234,MEDIUM
168.9718232741587,85.37025502432485,33.70202506980736,53.03421008395059,MEDIUM
163.69729181139618,53.42679301219521,31.982798462653413,91.08840190638159,MEDIUM
193.4965045642977,106.77040660424018,32.4582036515522,68.56601045586895,HIGH
84.46610327548301,108.78487331096187,31.11431350179496,58.312954485977386,MEDIUM
73.78646729779273,96.50349594558408,32.723266226543274,91.87031691893412,MEDIUM
42.10420644792015,92.1886812494219,30.223301579260855,98.23864437267699,MEDIUM
127.24529581500799,57.29283136856094,37.66425777006799,59.44730158695948,MEDIUM
184.4892683145712,117.0936298114188,28.312798513798406,68.96171249746308,HIGH
159.99764276946195,121.38025100185448,29.39465509357377,72.55695252640555,HIGH
134.50504201670873,143.55632597329708,20.677028010109208,59.7416024873194,HIGH
5.936177650784558,88.11265041405103,26.680249341022716,63.26982442311629,LOW
95.97990491647126,92.0582951245544,29.8175266696585,92.08507025078922,MEDIUM
12.496182039309867,77.22119315352748,20.250121103049388,46.13689535207144,LOW
102.69648341971389,36.47681450192987,23.98297154219456,62.65242734374004,MEDIUM
140.93415476560426,46.95921612899908,22.678277475249626,69.31768417979683,MEDIUM
157.56881684112486,111.8009812707442,29.63494275884016,87.1480488795157,HIGH
90.46970440330178,117.78857057062186,20.997416490079985,68.91058056233612,MEDIUM
4.074925084257353,72.00118475699911,37.061301491193596,60.39557394011267,LOW
42.026653457967015,2.635928735841925,29.132365156967985,75.92870209144291,LOW
90.07719598690784,26.53579503662774,30.341531095143925,68.64664000948123,LOW
64.57326222612554,119.96798556677653,37.29908769366193,49.0050210141724,MEDIUM
88.6019522199167,72.50241229900566,28.440475166332643,95.13054012351475,MEDIUM
25.02740883803465,56.835095389598,34.88083051624371,71.01549463848194,LOW
112.60990118228177,21.810069987509383,23.104816196365952,87.37217877879345,MEDIUM
118.81727782051345,86.77407035160857,35.990223455517935,54.31113607369242,MEDIUM
126.87929698180824,9.409347857810497,22.094897743663104,88.01261223957135,MEDIUM
159.80622085940345,103.13536709006445,34.165874607322515,46.22697050552981,HIGH
91.26449694404106,85.46718399300588,29.6238078597937,51.869628339413026,MEDIUM
153.0897383239454,55.881419705814686,20.92374168635271,40.363970996065405,MEDIUM
49.244388028227505,129.39847667919906,30.35997812991735,58.68395488507599,MEDIUM
45.01237930610185,55.69613818908768,37.84443818320845,98.86667157596493,LOW
17.885143788694393,111.51629875933132,28.737227457516347,98.2567282532638,MEDIUM
155.3051358539788,96.06993668939937,20.580520913921493,81.07582536638563,MEDIUM
158.79657227480376,51.18235614289911,26.790789288148996,71.0067500903671,MEDIUM
87.40335331163172,104.82294250426037,28.33951011660927,95.47682135557167,HIGH
76.88962608826937,81.16383629670311,28.878701541516442,52.53059737737004,MEDIUM
100.9262059773629,31.262306534270984,36.59805856556508,96.04108154036736,MEDIUM
86.42711107617593,21.45289073145511,38.40238189713867,67.23942036518255,LOW
71.76814937619298,31.09569524192845,28.51858150759241,80.97643631481364,LOW
43.31066865134687,112.1976943266897,39.057165579545,40.168269075410635,MEDIUM
125.78261329318197,139.17948426687957,32.65195513234467,55.37425518468143,HIGH
125.20733479607516,34.57106140771834,24.82513295680813,65.92279282031065,MEDIUM
41.010629302993685,138.31566532208083,31.889642908652966,85.95707369526605,MEDIUM
162.714409851864,121.38347296523384,29.306495535202963,92.83170915553798,HIGH
9.543807566819563,103.6325941923088,36.52481266869517,79.73558092375347,MEDIUM
74.4308708924664,24.835830995183077,33.97821819518643,69.3657891005708,LOW
91.98927542099162,72.55575072463101,20.047713265291026,59.28038001878612,MEDIUM
108.4146923060135,14.19255024389896,34.54667467784656,58.77801071479695,MEDIUM
134.1200441052471,127.89674921873402,38.78881000463265,41.878431889148885,HIGH
8.50198601070693,88.38077353716103,39.22638204571984,70.67266585282161,LOW
59.93785878469331,129.64155556546777,30.26083286058279,43.230308025725826,MEDIUM
28.67708986603923,85.6917468527368,27.542078204919125,43.93334738111182,LOW
108.70450483363857,122.10564465228538,22.605933161291645,75.37189941322939,HIGH
8.583751131877948,40.40069287918096,22.530602418534077,46.11447560060208,LOW
12.001946319166134,144.74478643324733,28.4831022959688,65.03701914728194,MEDIUM
163.19691358534044,29.48922459123998,22.369417024046488,46.484540468166344,MEDIUM
101.1208957741851,144.5329203072223,28.353980970393316,73.16916199417557,HIGH
133.44746780883105,51.07439105523334,25.085893884245827,43.654150864306615,MEDIUM
67.72249546113969,38.570046602854156,21.486570122845393,76.27814081655927,LOW
155.8281001148913,132.94747273447575,27.85045827102806,71.7525656465659,HIGH
56.935370003934736,15.175961898674423,32.63116162853696,93.92555383073272,LOW
3.2024060184816294,98.1301806988825,31.040299813055608,54.90093851337786,LOW
154.02530729344022,128.6971068491077,25.646779344207502,70.2195440904525,HIGH
0.2086993417352634,124.12381358384232,21.708582024082453,49.51903875440057,MEDIUM
151.14769843082638,9.469388460019502,27.380264492412103,71.01247299069821,MEDIUM
64.0263388455213,146.00877567374883,27.11721326084576,47.10202617070379,MEDIUM
159.6684033918662,64.73737151656123,26.256836960588316,68.16223024876484,MEDIUM
99.6368771356176,146.07387660993487,29.72454405350628,40.88883915334583,MEDIUM
39.972676778755044,126.15485775009483,32.39960751139908,90.0131903435007,MEDIUM
38.90186033226908,89.00410800417173,29.019303766630323,80.19418744290141,LOW
192.80857957022235,15.278802306670302,21.243269913516837,68.10177201065059,MEDIUM
183.71987981073997,30.89049470189008,29.637767331209545,86.65816237289388,MEDIUM
6.414701750118379,42.577344086039446,39.06131683768794,73.3942583214853,LOW
125.67619883850871,147.4397737071445,29.48095821790542,95.74318824371755,HIGH
180.2973536242506,7.3713371542050155,28.7986857687167,73.17675052679957,MEDIUM
54.725456407241865,47.05347148672813,31.617412239930825,98.90380913258329,MEDIUM
112.31572795656899,95.38541506544863,37.738116286379835,44.22507446793005,MEDIUM
37.20369946758253,123.13656486481565,33.920911011258866,96.27118819430153,MEDIUM
70.50265514823472,72.93603305661719,38.0663699629164,74.57727171098412,MEDIUM
4.823253017078799,67.3166253031183,21.038640594150696,76.46562290621486,LOW
139.96629456910742,61.12027237692161,26.764365089006155,90.03682422955995,HIGH
74.15947153274689,90.55745853154141,29.647287461207547,58.308546588218306,MEDIUM
54.59838984579504,43.84135397542828,22.642155494438555,54.82165528355109,LOW
128.61288687281737,119.50876700919999,21.277564176643086,75.07709256396181,HIGH
64.44658878233402,8.184572457540396,21.324957592823598,46.730264289427794,LOW
52.74467774908334,39.01883954454842,29.271108518492177,85.36442290368323,LOW
116.39483553364079,17.790232542122048,22.732696035865338,64.8389034624021,MEDIUM
135.2838968608189,53.58853611860064,24.26861380280016,60.37966369213103,MEDIUM
46.183191265750814,62.27280921294412,25.712905468910762,63.90156533623582,LOW
94.95115591351136,137.627915155906,38.78249370009119,72.33073038287729,MEDIUM
138.6600533390278,139.28578811543053,30.08001342537496,97.62427969803979,HIGH
70.16977413730339,28.861866063384966,21.04406282172722,52.61965800987248,LOW
117.35724395067064,106.20271373496273,34.12354087669171,93.33126407706254,HIGH
152.9999279077208,55.907369079016185,32.24689829162521,64.23626891013889,MEDIUM
193.0438707472835,28.115709939123256,21.602578555871162,63.064295093060366,MEDIUM
84.07459321232609,115.8625472946491,30.10708227017382,99.2291360725487,HIGH
71.85689480047766,19.750454157449987,36.391549868734884,60.67525815438057,LOW
83.32199975844065,47.75034434159463,21.529120994811723,52.324442246038416,LOW
94.95750301498447,84.5979888643388,29.12069090144334,40.25164534850018,MEDIUM
116.62308863018784,57.78476562298352,38.38319934119051,45.05130771689314,MEDIUM
42.576057213194176,0.5843129859020579,32.17906528879982,78.54934763645608,LOW
0.20305393445592124,13.225669263474082,22.717557092740897,91.76499759619725,LOW
170.51092187060192,144.72090422430995,24.8787800881898,98.12899206743833,HIGH
193.20951522488392,18.198662403928758,34.765536990493224,91.476761224689,MEDIUM
178.32302616033414,80.10540878310374,31.367334221297234,86.7127353231753,MEDIUM
160.1088215686656,108.56290551441917,33.32416442981477,83.11062456355478,HIGH
86.59994332313177,39.32273720245503,24.38785541709289,68.16933000472568,LOW
58.90687432703483,60.54997125217494,35.36605077968381,43.46755105786283,MEDIUM
162.64854968958173,46.759693818048916,31.480479645370032,71.82576288085404,MEDIUM
195.65958016528919,43.115039188452045,28.299201756479814,72.1977566756581,MEDIUM
2.0085721690959346,7.395426622054202,24.03147547616445,79.53197734334567,LOW
20.868500430765312,80.40792212578496,23.241961607291024,54.585771797393576,LOW
0.19550824908824982,141.12035697020596,35.45920654800843,90.4623702911933,MEDIUM
134.35639864388182,91.37388851223693,39.236822511442114,97.65169345130336,HIGH
175.9296824321936,111.71266818710822,34.86082113741505,91.46335905051737,HIGH
157.40004011466036,102.90934960323511,24.08185072924565,52.13491848432302,HIGH
33.692391355891615,132.21981951562856,23.579234646328466,88.42454243086621,MEDIUM
127.85376914791473,29.501156124643718,33.45741273156622,65.21286411694528,MEDIUM
155.48269007604392,55.94315159724966,30.75398403981544,77.01181571793549,MEDIUM
122.49207296185305,14.02709453077659,22.701069309282744,45.53592514088183,MEDIUM
126.2768856881937,99.40371534482128,31.187253259190776,90.02226144817025,HIGH
17.099102295478573,2.928546666317561,27.594218407708787,46.5835773640506,LOW
60.98369939707096,58.77216214866601,21.719327550910343,90.46833437573149,MEDIUM
133.53451789830058,88.45367318996664,30.786303515427164,63.95693317987081,MEDIUM
20.52139732381091,79.03423018557461,22.654417531289297,75.46502052973696,LOW
47.08390530702098,33.78072218729043,35.39106662664888,48.26773835652613,LOW
11.840081709521177,22.685628664774736,25.044136111218663,69.28020715000542,LOW
19.159602243181183,81.48902263962087,36.95988230289343,46.892927048351666,LOW
172.71732680845628,70.3709885975014,21.100460239501068,41.94891346775683,MEDIUM
144.77882062580895,71.4319779533032,28.22710347424817,40.536598040466046,MEDIUM
143.59949469087917,79.6276316605754,34.9079516431886,41.41113672385375,MEDIUM
20.543553866304954,117.93619252369056,29.753779822076467,60.84799025218379,MEDIUM
59.16438658271521,90.16750298452078,27.215054071713773,60.925396949124206,MEDIUM
68.53266340014419,82.59512772455699,24.820426346248972,47.852907227534075,MEDIUM
74.89296197184589,4.881140772880604,27.426888959349967,90.87152550856268,LOW
85.7337055383651,143.38976725438835,22.938116022476887,40.47140398903159,MEDIUM
175.80259347144832,127.02530773465826,29.16381948004426,84.23480139950468,HIGH
87.23794122175947,21.934277005974018,20.955846734684066,67.77409038477327,LOW
122.08897496253593,8.75358474785594,29.447278185722432,71.54474578451766,MEDIUM
118.32648036176596,88.10847075740591,28.17440905429426,50.4115337683628,MEDIUM
125.12049260464362,26.88303397093419,39.79611942136078,59.18191715828192,MEDIUM
193.87927582932696,28.426281489115407,31.51899626506656,84.99707571110596,MEDIUM
125.1532329956493,81.11040076977648,38.11596559028433,98.86662568305294,HIGH
123.62977260971135,8.638996064919679,23.95174065196492,86.09280858791442,MEDIUM
57.45090821910917,113.67069171862265,22.15355494968869,92.81269525289811,HIGH
28.730000210593133,139.18159091959603,29.13938559235371,50.33648452378489,MEDIUM
183.0059762904776,59.12176671137741,23.27081408121106,97.77703100686857,MEDIUM
69.3428508211262,42.525494355211926,23.639282062839385,86.49798302401018,LOW
112.50123277847028,97.7678615248295,27.09717781588072,68.00267733650358,MEDIUM
46.14364084530853,138.46084653870201,35.44266624549485,56.00722269578807,MEDIUM
154.32590024207383,62.77633715498522,25.690028440329364,71.25706818427892,MEDIUM
123.52909494577942,84.35519498062862,25.698188456953755,96.82882340097277,HIGH
123.04457982881094,65.7974447521364,30.60062325729985,71.65157091208135,MEDIUM
130.18746185484838,24.719244654299423,35.230082595066094,52.68191029883539,MEDIUM
21.251621472379178,147.34915098747678,24.246699597388428,73.99574572901628,MEDIUM
45.64876139284533,53.50084002981579,33.386296087493264,54.34272910301976,LOW
158.44133678913005,148.0595587200567,28.57872811984658,72.29471982209974,HIGH
114.72638855665214,66.86253435386246,22.04454343088327,75.09568419036978,MEDIUM
159.42746532923414,0.32773503795109904,27.60288814140878,71.62343544922985,MEDIUM
126.67580496632156,103.16041768934213,34.24671204439056,54.39968358777466,HIGH
4.231399961461713,38.73916266827324,31.659962436559326,68.53988960154601,LOW
15.750362532625495,0.32484853810966774,24.455860090081956,72.85008570314602,LOW
179.44323068625698,67.83519990640562,27.80136337771268,62.00292472758849,MEDIUM
39.91439043923375,69.01306156462188,38.85359651374756,68.71694160983984,LOW
6.968084936886143,31.245346624138215,38.32441152739803,80.62427848605635,LOW
80.77217808425591,37.427966511191485,32.06930260235232,94.29830736741694,MEDIUM
184.72175322504626,59.40445742978478,23.169110142163454,40.855426071403905,MEDIUM
115.53610159958882,48.85829225207306,27.4718108425631,52.72247770735182,MEDIUM
22.82458832459502,15.360712820943862,33.85105634576708,48.149071929619296,LOW
65.0791616398816,24.263903826929393,30.24949191995134,61.62781380461079,LOW
191.41432618573583,35.803597916196495,29.686280082470695,55.981520068974405,MEDIUM
23.509313497264174,66.0527400015657,21.090270718744776,58.173105363722414,LOW
121.43006514037991,110.5306285087877,26.677788025357607,87.87794044391595,HIGH
104.54971013365606,65.29867205374526,32.39137785083574,75.34769045332789,MEDIUM
149.1512018133278,97.7226789247311,29.999013661589224,80.46961545472735,MEDIUM
144.0719389711889,58.57321127347518,23.977679764953574,82.03794661048633,MEDIUM
85.77020403105556,80.96664493668527,32.124546749679666,50.87168365310822,MEDIUM
179.03294195323434,126.02417606727121,27.850053486950774,61.63061044940565,HIGH
111.02387427612798,79.48867252349817,33.82053901597623,92.6968867871391,HIGH
171.20660228486975,118.3013572228531,27.644757087006592,57.14568952535771,HIGH
58.327068762737234,124.46457210872123,38.85773559817947,89.16905152585271,MEDIUM
4.309023616094221,60.75861726838988,33.312727222002536,54.806775614936306,LOW
77.57698065768899,10.101032159205358,34.868640883915816,85.20512556815751,LOW
190.99340051204206,76.62624856047454,21.368144821953035,78.57850821088405,MEDIUM
32.408514851392425,125.26020276665234,30.153568473960206,85.75701812686245,MEDIUM
15.050754086855168,39.93953360104048,22.086213417453294,59.0911124338202,LOW
163.95639034951407,109.34791019299111,25.932025105611622,72.42319367993966,HIGH
89.20961889136294,59.52263451430535,20.045310249605677,84.76569308319492,LOW
191.52207832034333,125.77859956396598,27.985532804186946,47.49583757949951,HIGH
42.86000293661838,59.57933177400836,29.353448528193127,92.11841202365183,LOW
169.8430640210035,85.58882089417477,24.98397085487906,82.00006115513911,MEDIUM
19.594875787237864,31.398657674841047,28.464839537409475,66.26002133968463,LOW
62.9963004256257,144.33086572848887,21.870279307953222,72.57962411872181,MEDIUM
109.42487135402008,119.18016662099186,30.025741390713183,82.831998811028,HIGH
144.37991913780257,142.14607943662912,20.428152596376915,91.08125219821117,HIGH
74.72231725662269,83.89966553147916,33.39177247860435,76.29696672987544,MEDIUM
167.0287033529268,16.24847535478696,31.36692612636726,54.162247638365116,MEDIUM
68.49118846472047,39.20400755245765,30.917011023873645,54.38401140450244,LOW
111.72974680980441,121.58688370243766,24.316538858014034,76.63001104098882,HIGH
5.324870691100481,122.49832714404505,37.254887795187884,53.19842179742093,MEDIUM
144.84751491151553,48.971328012955105,20.7143810710252,90.78209825766457,MEDIUM
182.0923156559119,127.29898317995166,37.933753507305155,69.45240478438372,HIGH
191.52756725060456,28.626566054277635,33.551513525461466,41.35933092752744,MEDIUM
190.04887122172235,8.016415397985648,28.82894167436273,53.55645125719335,MEDIUM
146.56977615959428,110.32000192244708,35.65952129614788,95.38948381638795,HIGH
23.862738696033013,59.91045622985581,29.65150408363742,43.687136289700526,LOW
61.47261353934908,99.59204484435823,34.27996585949411,50.319215270400534,MEDIUM
77.50524107650728,31.6983512883944,25.427004772097956,46.70438203490421,LOW
57.6919722922768,94.85259452005404,30.4643547525157,64.74483485004903,MEDIUM
173.90954552708405,44.80405697735131,24.17975995214607,76.64624527487167,MEDIUM
0.4401139953273292,38.98380770978396,32.271084228167304,56.4425998358181,LOW
32.23847712459958,117.55802891737966,21.740159729431717,42.675840371679776,MEDIUM
149.76019226225407,65.27217148067339,26.089155992790765,61.13919775103834,MEDIUM
128.0597445402684,27.542623804382078,39.01929105892668,46.01219105209347,MEDIUM
3.8804778087854874,35.18778443131657,24.003897437213976,69.81137781519547,LOW
107.14481099120565,74.91816118084174,26.94848693189421,75.60884772964312,MEDIUM
2.5430850969492047,15.28633680214596,29.377751797784878,61.092166078354104,LOW
74.6744420384813,124.77532229629227,34.3191997771972,98.97045396679508,HIGH
129.72772587647793,114.899366286431,31.823577831493388,92.49516238028511,HIGH
127.58458501853336,95.98743980427547,30.063310365009166,42.38719943143827,MEDIUM
121.06855427332756,62.06852110693665,21.55240255135,44.00984089670327,MEDIUM
80.50717384743903,50.4339673242686,22.81370022966401,66.84346455948456,LOW
92.49427643194723,54.969682573518774,21.7569697752624,87.70129473895702,LOW
36.356665645968114,73.84664901096698,30.983354427900867,75.77273656233824,LOW
101.2857018354621,72.30255741922096,28.280780554213194,62.23722486547944,MEDIUM
182.02378886109653,121.02445208406091,33.85639789582895,90.80328095298222,HIGH
165.87888992563015,6.252153140466699,27.768091109618457,95.14851186110587,MEDIUM
127.39862609661424,29.999751713607598,28.16598427178524,58.648348523144776,MEDIUM
28.077404574531407,25.788888467423376,31.49904540730989,62.04795108243057,LOW
146.96598903843753,15.299119417272511,28.530358745567497,45.5440379674144,MEDIUM
73.6941819018733,120.41275779655035,27.811608621658728,81.95093683746202,MEDIUM
15.360990647240524,84.75335202877415,29.31923031578785,58.61812262277469,LOW
82.99776292892969,41.300692149913765,33.64265717771288,43.30583442166671,LOW
138.64596608636518,10.100242108299279,23.096787691650814,79.71225058090049,MEDIUM
144.99827921209405,118.64441587910697,28.983866588732003,81.21782530404147,HIGH
75.28701379882247,17.341455172101156,33.17810675422691,99.37047698364312,LOW
20.012553044589797,79.99301027443023,34.32369330328324,48.249973946874576,LOW
138.3001658471333,35.241864229986994,25.061534480778242,78.74480047593596,MEDIUM
59.41511796434931,112.9436146539684,30.11795556512275,59.00225022929624,MEDIUM
53.49775354350443,20.96652799340188,24.003932523654605,42.70092133118069,LOW
35.20615414121331,82.1518105648474,32.86622132304844,47.706233848247834,LOW
